Device Time, G(x), G(y), G(z), G(calibrated), 100-0kph Time(s),Acceleration Sensor(X axis)(g),Acceleration Sensor(Y axis)(g),Acceleration Sensor(Z axis)(g),Ambient air temp(°F),Barometric pressure (from vehicle)(psi),Brake switch 5(bite),Closed throttle(bite),Engine Coolant Temperature(°F),Engine RPM(rpm),Fuel flow rate/minute(gal/min),Fuel Level (From Engine ECU)(%),GPS Altitude(ft),GPS Bearing(°),GPS Latitude(°),GPS Longitude(°),Intake Air Temperature(°F),Speed (GPS)(mph),Speed (OBD)(mph),AC
09-Jun-2018 13:18:17.924,-1.41,6.91,6.43,-0.15,-,-0.07,-0.15,-0.07,-,13.92,-,-,-,1275,0,91.37,-,142.36,-,-,-,-,0,-
09-Jun-2018 13:18:18.920,-1.41,6.91,6.43,-0.15,-,-0.07,-0.15,-0.07,-,13.92,-,-,122,1275,0,91.37,-,142.36,-,-,111.2,-,0,-
09-Jun-2018 13:18:19.920,-1.41,6.91,6.43,-0.15,-,-0.07,-0.15,-0.07,-,13.92,-,-,122,1275,0,91.37,-,142.36,-,-,111.2,-,0,-
09-Jun-2018 13:18:20.922,-1.54,7.33,5.89,-0.15,-,-0.06,-0.1,-0.12,-,13.92,1,1,122,1275,0,91.37,-,142.36,-,-,111.2,-,0,-
09-Jun-2018 13:18:21.921,-1.38,7.42,5.88,-0.14,-,-0.07,-0.1,-0.12,-,13.92,1,1,122,1275,0,91.37,-,142.36,-,-,111.2,-,0,-
09-Jun-2018 13:18:22.922,-1.29,7.43,6.12,-0.13,-,-0.07,-0.1,-0.11,-,13.92,1,1,122,1275,0,91.37,-,142.36,-,-,111.2,-,0,-
09-Jun-2018 13:18:23.922,-1.29,7.39,6.1,-0.14,-,-0.06,-0.09,-0.12,-,13.92,1,1,122,1275,0,91.37,-,142.36,-,-,111.2,-,0,-
09-Jun-2018 13:18:24.921,-1.32,7.38,5.88,-0.15,-,-0.06,-0.1,-0.11,-,13.92,1,1,122,1275,0,91.37,-,142.36,-,-,111.2,-,0,-
09-Jun-2018 13:18:25.921,-1.36,7.46,6.02,-0.13,-,-0.06,-0.1,-0.11,-,13.92,1,1,122,1275,0,91.37,-,142.36,-,-,111.2,-,0,-
09-Jun-2018 13:18:26.921,-1.41,7.84,5.94,-0.19,-,-0.07,-0.06,-0.12,-,13.92,1,1,122,1275,0,91.37,-,142.36,-,-,111.2,-,0,-
09-Jun-2018 13:18:27.921,-1.4,7.19,6.09,-0.15,-,-0.07,-0.12,-0.1,-,13.92,1,1,122,1275,0,91.37,-,142.36,-,-,111.2,-,0,-
09-Jun-2018 13:18:28.922,-1.47,7.73,6.2,-0.12,-,-0.08,-0.07,-0.09,-,13.92,1,1,122,1275,0,91.37,-,142.36,-,-,111.2,-,0,-
09-Jun-2018 13:18:29.923,1.33,6.47,6.42,-0.18,-,0.21,-0.2,-0.07,-,13.92,1,1,122,1275,0,91.37,-,142.36,-,-,111.2,-,0,-
09-Jun-2018 13:18:30.920,-0.85,7.35,6.02,-0.14,-,-0.01,-0.11,-0.11,-,13.92,0,1,122,1275,0,91.37,-,142.36,-,-,111.2,-,0,-
09-Jun-2018 13:18:31.921,-0.91,7.57,5.72,-0.15,-,-0.03,-0.07,-0.11,-,13.92,0,1,122,1275,0,91.37,-,142.36,-,-,111.2,-,0,-
09-Jun-2018 13:18:32.921,-0.88,7.69,5.77,-0.13,-,-0,-0.06,-0.15,-,13.92,0,1,122,1275,0,91.37,-,142.36,-,-,111.2,-,0,-
09-Jun-2018 13:18:33.921,-0.87,7.77,5.97,-0.12,-,0.01,-0.07,-0.11,-,13.92,0,1,122,1275,0,91.37,-,142.36,-,-,111.2,-,0,-
09-Jun-2018 13:18:34.922,-0.06,7.3,6.42,-0.13,-,0.05,-0.11,-0.05,-,13.92,0,0,122,1275,0,91.37,-,142.36,-,-,111.2,-,0,-
09-Jun-2018 13:18:35.921,0.23,6.56,6.51,-0.18,-,0.11,-0.14,-0.04,-,13.92,0,0,122,1275,0,91.37,-,142.36,-,-,111.2,-,0,-
09-Jun-2018 13:18:36.922,-0.75,7.44,6.99,-0.08,-,-0,-0.1,-0.01,-,13.92,0,0,122,1275,0,91.37,-,142.36,-,-,111.2,-,0,-
09-Jun-2018 13:18:37.920,-0.63,6.86,6.36,-0.17,-,0.01,-0.16,-0.07,-,13.92,0,0,122,1275,0,91.37,-,142.36,-,-,111.2,-,0,-
09-Jun-2018 13:18:38.921,-0.57,6.79,6.45,-0.17,-,0.02,-0.16,-0.06,-,13.92,0,1,122,1275,0,91.37,-,142.36,-,-,111.2,-,0,-
09-Jun-2018 13:18:39.922,-0.63,7.14,6.22,-0.15,-,-0,-0.11,-0.06,-,13.92,0,1,122,1275,0,91.37,-,142.36,-,-,111.2,-,0,-
09-Jun-2018 13:18:40.922,-0.09,6.6,7.22,-0.13,-,0.04,-0.19,0.01,-,13.92,0,1,122,1275,0,91.37,-,142.36,-,-,111.2,-,0,-
09-Jun-2018 13:18:41.920,-0.13,7.38,6.43,-0.17,-,0.04,-0.18,-0.14,-,13.92,1,1,122,1275,0,91.37,-,142.36,-,-,111.2,-,0,-
09-Jun-2018 13:18:42.922,-0.69,6.85,6.36,-0.17,-,0.01,-0.13,-0.04,-,13.92,1,1,122,1275,0,91.37,-,142.36,-,-,111.2,-,0,-
09-Jun-2018 13:18:43.921,0.25,8,6.37,-0.15,-,0.13,-0.11,-0.1,-,13.92,1,1,122,1275,0,91.37,-,142.36,-,-,111.2,-,0,-
09-Jun-2018 13:18:44.920,0.11,7.78,5.5,-0.15,-,0.08,-0.06,-0.16,-,13.92,0,0,122,1275,0,91.37,1268.14,324.26,33.02,-116.86,111.2,-,0,-
09-Jun-2018 13:18:45.922,-0.33,8.32,5.27,-0.12,-,0.04,-0.01,-0.18,-,13.92,0,0,122,1275,0,91.37,1275.16,347.52,33.02,-116.86,111.2,-,0,-
09-Jun-2018 13:18:46.923,-0.15,8.68,5.69,-0.06,-,0.06,0.03,-0.14,-,13.92,0,0,122,1275,0,91.37,1328.57,356.21,33.03,-116.86,111.2,12.14,0,-
09-Jun-2018 13:18:47.922,-0.52,6.71,5.66,-0.16,-,0.02,-0.17,-0.14,-,13.92,0,0,122,1275,0,91.37,1315.15,359.46,33.03,-116.86,111.2,14.93,0,-
09-Jun-2018 13:18:48.922,-0.87,6.64,6.12,-0.2,-,-0.01,-0.18,-0.1,-,13.92,0,0,122,1275,0,91.37,1313.48,1.08,33.03,-116.86,111.2,15.74,0,-
09-Jun-2018 13:18:49.923,-0.24,7.35,6.55,-0.14,-,0.04,-0.1,-0.06,-,13.92,0,0,122,1275,0,91.37,1307.17,5.09,33.03,-116.86,111.2,16.09,0,-
09-Jun-2018 13:18:50.926,-1.72,6.88,6.71,-0.13,-,-0.05,-0.16,-0.08,-,13.92,0,0,122,1275,0,91.37,1310.99,3.81,33.03,-116.86,111.2,14.22,0,-
09-Jun-2018 13:18:51.921,-0.96,7.47,6.61,-0.1,-,-0.08,-0.18,-0.11,-,13.92,0,0,122,1275,0,91.37,1328.3,2.09,33.03,-116.86,111.2,15.12,0,-
09-Jun-2018 13:18:52.923,-0.82,6.65,6.4,-0.18,-,-0.01,-0.13,-0.06,-,13.92,0,1,122,1275,0,91.37,1336.19,359.88,33.03,-116.86,111.2,14.78,0,-
09-Jun-2018 13:18:53.921,-0.68,5.85,6.86,-0.16,-,0,-0.26,-0.02,-,13.92,0,1,122,1275,0,91.37,1335.05,359.44,33.03,-116.86,111.2,15.23,0,-
09-Jun-2018 13:18:54.921,-0.68,5.38,7.1,-0.21,-,0,-0.31,0,-,13.92,0,1,122,1275,0,91.37,1332.96,359.22,33.03,-116.86,111.2,13.66,0,-
09-Jun-2018 13:18:55.922,-0.49,5.81,8.03,-0.13,-,0.02,-0.26,0.1,-,13.92,0,1,122,1275,0,91.37,1326.08,0.26,33.03,-116.86,111.2,9.34,0,-
09-Jun-2018 13:18:56.922,-0.35,6.31,7.38,-0.13,-,0.04,-0.21,0.03,-,13.92,1,1,122,1275,0,91.37,1323.3,357.51,33.03,-116.86,111.2,3.49,0,-
09-Jun-2018 13:18:57.921,-0.44,6.47,7.3,-0.13,-,0.03,-0.2,0.02,-,13.92,1,1,122,1275,0,91.37,1323.88,354.71,33.03,-116.86,111.2,0.9,0,-
09-Jun-2018 13:18:58.922,-0.91,8.64,5.35,-0.08,-,0.01,-0.02,-0.16,-,13.92,1,1,122,1275,0,91.37,1323.88,221.32,33.03,-116.86,111.2,0.09,0,-
09-Jun-2018 13:18:59.922,-0.39,8.91,4.61,-0.12,-,0.04,0.02,-0.26,-,13.92,1,1,122,1275,0,91.37,1324.18,3.77,33.03,-116.86,111.2,3.24,0,-
09-Jun-2018 13:19:00.922,-0.67,8.12,4.17,-0.19,-,0.01,0.03,-0.23,-,13.92,1,1,122,1275,0,91.37,1318.32,0.71,33.03,-116.86,111.2,7.65,0,-
09-Jun-2018 13:19:01.924,-0.62,7.17,5.4,-0.16,-,-0.01,-0.02,-0.18,-,13.92,1,1,122,1275,0,91.37,1308.23,359.97,33.03,-116.86,111.2,12.78,0,-
09-Jun-2018 13:19:02.929,-1.36,10.05,7.81,0.18,-,-0.06,0.17,0.08,-,13.92,0,0,122,1275,0,91.37,1281.94,359.73,33.03,-116.86,111.2,16.29,0,-
09-Jun-2018 13:19:03.922,-1.09,8,5.29,-0.15,-,-0.04,-0.04,-0.18,-,13.92,0,0,122,1275,0,91.37,1282.1,1.59,33.03,-116.86,111.2,18.76,0,-
09-Jun-2018 13:19:04.924,-1.26,8.29,5.42,-0.1,-,-0.05,-0.01,-0.17,-,13.92,0,0,122,1275,0,91.37,1294.39,359.02,33.03,-116.86,111.2,20.83,0,-
09-Jun-2018 13:19:05.922,-1.11,7.68,5.35,-0.18,-,-0.05,-0.09,-0.22,-,13.92,0,0,122,1275,0,91.37,1290.66,359.26,33.03,-116.86,111.2,22.73,0,-
09-Jun-2018 13:19:06.922,-0.96,7.87,5.53,-0.14,-,0.01,-0.1,-0.15,-,13.92,0,0,122,1275,0,91.37,1280.67,359.19,33.03,-116.86,111.2,24.72,0,-
09-Jun-2018 13:19:07.924,-0.81,7.64,5.86,-0.14,-,-0.06,-0.06,-0.15,-,13.92,0,0,122,1275,0,91.37,1274.68,359.1,33.03,-116.86,111.2,26.35,0,-
09-Jun-2018 13:19:08.922,-0.86,7.26,6.11,-0.15,-,0.03,-0.08,-0.07,-,13.92,0,0,122,1275,0,91.37,1271.01,359.55,33.03,-116.86,111.2,27.58,0,-
09-Jun-2018 13:19:09.922,-0.4,6.89,5.79,-0.19,-,0.05,-0.15,-0.15,-,13.92,0,0,122,1275,0,91.37,1270.09,359.96,33.03,-116.86,111.2,28.19,0,-
09-Jun-2018 13:19:10.923,-1.48,6.31,6.39,-0.19,-,-0.05,-0.08,-0.08,-,13.92,0,0,122,1275,0,91.37,1267.88,1.29,33.03,-116.86,111.2,28.68,0,-
09-Jun-2018 13:19:11.922,-0.46,6.38,6.75,-0.17,-,-0.04,-0.09,0.01,-,13.92,0,0,122,1275,0,91.37,1266.04,2.06,33.03,-116.86,111.2,28.44,0,-
09-Jun-2018 13:19:12.923,-1.35,6.54,6.38,-0.15,-,-0,-0.2,-0.04,-,13.92,0,0,122,1275,0,91.37,1264.39,1.97,33.03,-116.86,111.2,27.94,0,-
09-Jun-2018 13:19:13.927,-0.66,6.52,6.48,-0.18,-,0.01,-0.19,-0.06,-,13.92,0,0,122,1275,0,91.37,1263.83,0.82,33.03,-116.86,111.2,26.76,0,-
09-Jun-2018 13:19:14.923,-1.48,6.81,7.31,-0.09,-,-0.08,-0.16,0.02,-,13.92,0,1,122,1275,0,91.37,1264.55,359.01,33.03,-116.86,111.2,26.13,0,-
09-Jun-2018 13:19:15.922,-1.39,5.87,7.27,-0.16,-,-0.07,-0.26,0.02,-,13.92,0,1,122,1275,0,91.37,1264.4,0.51,33.03,-116.86,111.2,24.81,0,-
09-Jun-2018 13:19:16.922,-1.34,6.24,8.24,-0.11,-,-0.06,-0.22,0.12,-,13.92,0,1,122,1275,0,91.37,1263.97,359.95,33.03,-116.86,111.2,22.41,0,-
09-Jun-2018 13:19:17.923,-1.09,6.96,7.4,-0.08,-,-0.09,-0.09,-0.01,-,13.92,0,1,122,1275,0,91.37,1262.84,358.19,33.03,-116.86,111.2,18.45,0,-
09-Jun-2018 13:19:18.922,-1.79,9.22,10.02,0.29,-,-0.19,0.03,0.81,-,13.92,0,1,122,1275,0,91.37,1262.03,356.58,33.03,-116.86,111.2,16.63,0,-
09-Jun-2018 13:19:19.922,-1.15,7,6.33,-0.15,-,-0.03,-0.15,-0.06,-,13.92,0,1,122,1275,0,91.37,1263.18,356.38,33.03,-116.86,111.2,15.82,0,-
09-Jun-2018 13:19:20.923,-1.26,7.64,6.33,-0.14,-,0.09,-0.15,-0.13,-,13.92,0,1,122,1275,0,91.37,1264.75,355.16,33.03,-116.86,111.2,15.72,0,-
09-Jun-2018 13:19:21.922,0.5,7.2,6.03,-0.16,-,0.03,-0.09,-0.08,-,13.92,0,0,122,1275,0,91.37,1268.58,357.22,33.03,-116.86,111.2,16.23,0,-
09-Jun-2018 13:19:22.922,-0.19,7.55,5.92,-0.14,-,0.05,-0.12,-0.1,-,13.92,0,0,122,1275,0,91.37,1270.91,2.19,33.03,-116.86,111.2,17.05,0,-
09-Jun-2018 13:19:23.923,-1.26,7.45,5.62,-0.16,-,-0.05,-0.1,-0.15,-,13.92,0,0,122,1275,0,91.37,1270.57,7.68,33.03,-116.86,111.2,17.04,0,-
09-Jun-2018 13:19:24.924,-0.62,7.16,5.61,-0.17,-,0.01,-0.13,-0.15,-,13.92,0,0,122,1275,0,91.37,1271.65,2.99,33.03,-116.86,111.2,18.69,0,-
09-Jun-2018 13:19:25.925,-1.26,7.23,5.79,-0.17,-,-0.05,-0.12,-0.13,-,13.92,0,0,122,1275,0,91.37,1273.25,2.75,33.03,-116.86,111.2,20.41,0,-
09-Jun-2018 13:19:26.923,-1.27,7.43,6.07,-0.15,-,-0.06,-0.1,-0.1,-,13.92,0,0,122,1275,0,91.37,1276.22,1.81,33.03,-116.86,111.2,21.76,0,-
09-Jun-2018 13:19:27.922,-0.38,7.36,5.77,-0.12,-,-0.06,-0.06,-0.1,-,13.92,0,0,122,1275,0,91.37,1279.66,359.67,33.03,-116.86,111.2,22.73,0,-
09-Jun-2018 13:19:28.921,-0.99,7.24,6,-0.16,-,0.03,-0.11,-0.13,-,13.92,0,0,122,1275,0,91.37,1284.18,359.68,33.03,-116.86,111.2,23.86,0,-
09-Jun-2018 13:19:29.922,-0.87,7.81,5.86,-0.15,-,0.01,-0.08,-0.12,-,13.92,0,0,122,1275,0,91.37,1289.21,0.09,33.03,-116.86,111.2,24.99,0,-
09-Jun-2018 13:19:30.922,-1.79,7.08,6.1,-0.15,-,-0.02,-0.07,-0.06,-,13.92,0,0,122,1275,0,91.37,1293.27,0.23,33.03,-116.86,111.2,26.02,0,-
09-Jun-2018 13:19:31.922,-0.95,7.91,7,-0.04,-,-0.01,-0.11,-0.08,-,13.92,0,0,122,1275,0,91.37,1296.99,359.73,33.03,-116.86,111.2,27.04,0,-
09-Jun-2018 13:19:32.922,-0.77,7.77,6.17,-0.15,-,-0.02,-0.15,-0.12,-,13.92,0,0,122,1275,0,91.37,1304.35,359.24,33.03,-116.86,111.2,27.15,0,-
09-Jun-2018 13:19:33.921,-1.02,6.98,6.62,-0.14,-,-0.03,-0.13,-0.06,-,13.92,0,0,122,1275,0,91.37,1309.51,359.45,33.03,-116.86,111.2,27.51,0,-
09-Jun-2018 13:19:34.922,-0.6,6.99,6.46,-0.14,-,-0.01,-0.08,-0.04,-,13.92,0,0,122,1275,0,91.37,1312.36,0.37,33.03,-116.86,111.2,27.67,0,-
09-Jun-2018 13:19:35.922,-0.91,6.95,6.31,-0.16,-,-0.02,-0.15,-0.08,-,13.92,0,0,122,1275,0,91.37,1314.83,359.39,33.03,-116.86,111.2,27.26,0,-
09-Jun-2018 13:19:36.922,-0.56,6.53,5.9,-0.14,-,0.02,-0.19,-0.12,-,13.92,0,0,122,1275,0,91.37,1315.08,359.64,33.03,-116.86,111.2,26.94,0,-
09-Jun-2018 13:19:37.922,-0.73,6.86,6.18,-0.18,-,0,-0.16,-0.09,-,13.92,0,0,122,1275,0,91.37,1314.82,0.41,33.03,-116.86,111.2,27.41,0,-
09-Jun-2018 13:19:38.922,-0.52,6.57,6.37,-0.17,-,0.02,-0.19,-0.07,-,13.92,0,0,122,1275,0,91.37,1316.06,359.49,33.03,-116.86,111.2,27.41,0,-
09-Jun-2018 13:19:39.922,-0.01,7.64,7,-0.11,-,-0.11,-0.15,-0.11,-,13.92,0,0,122,1275,0,91.37,1322.65,359.52,33.03,-116.86,111.2,26.8,0,-
09-Jun-2018 13:19:40.922,-0.98,6.54,5.59,-0.17,-,0.01,-0.18,-0.17,-,13.92,0,0,122,1275,0,91.37,1324.5,359.28,33.03,-116.86,111.2,26.55,0,-
09-Jun-2018 13:19:41.921,-0.98,7.42,6.34,-0.12,-,-0.02,-0.12,-0.1,-,13.92,0,0,122,1275,0,91.37,1326.67,359.27,33.03,-116.86,111.2,26.25,0,-
09-Jun-2018 13:19:42.921,0.21,7.26,6.37,-0.15,-,0.1,-0.07,-0.1,-,13.92,0,0,122,1275,0,91.37,1329.54,359.67,33.03,-116.86,111.2,26.19,0,-
09-Jun-2018 13:19:43.922,-1.24,7.18,6.98,-0.09,-,-0.04,-0.14,-0.09,-,13.92,0,0,122,1275,0,91.37,1331.12,2.04,33.03,-116.86,111.2,26.87,0,-
09-Jun-2018 13:19:44.923,-1.28,7.2,6.37,-0.13,-,0,-0.13,-0.1,-,13.92,0,0,122,1275,0,91.37,1330.53,2.85,33.03,-116.86,111.2,26.44,0,-
09-Jun-2018 13:19:45.921,0.19,6.95,6.46,-0.15,-,0.09,-0.15,-0.06,-,13.92,0,0,122,1275,0,91.37,1330.54,2.21,33.03,-116.86,111.2,26.19,0,-
09-Jun-2018 13:19:46.921,-0.71,7.27,8.02,-0.02,-,0,-0.12,0.1,-,13.92,0,0,122,1275,0,91.37,1330.29,2.98,33.03,-116.86,111.2,26.36,0,-
09-Jun-2018 13:19:47.921,-1.09,8.59,5.32,-0.09,-,-0.04,0.02,-0.18,-,13.92,0,0,122,1275,0,91.37,1330.72,2.31,33.03,-116.86,111.2,25.75,0,-
09-Jun-2018 13:19:48.922,-1.7,8.38,4.99,-0.13,-,-0.1,-0,-0.21,-,13.92,0,0,122,1275,0,91.37,1330.97,0.03,33.03,-116.86,111.2,25.09,0,-
09-Jun-2018 13:19:49.921,-1.58,9.19,4.61,-0.06,-,-0.06,0.06,-0.2,-,13.92,0,0,122,1275,0,91.37,1331.55,359.99,33.03,-116.86,111.2,24.99,0,-
09-Jun-2018 13:19:50.921,-0.28,9.58,4.5,-0.05,-,0.01,0.06,-0.19,-,13.92,0,0,122,1275,0,91.37,1332.91,358.55,33.03,-116.86,111.2,25.67,0,-
09-Jun-2018 13:19:51.921,-0.37,8.71,4.25,-0.13,-,0.07,0.01,-0.31,-,13.92,0,0,122,1275,0,91.37,1332.65,358.64,33.03,-116.86,111.2,26.63,0,-
09-Jun-2018 13:19:52.921,-0.9,8.94,5.13,-0.07,-,0.13,0.12,-0.19,-,13.92,0,0,122,1275,0,91.37,1334,1.21,33.03,-116.86,111.2,25.73,0,-
09-Jun-2018 13:19:53.923,-2.65,7.95,4.3,-0.16,-,-0.19,-0.02,-0.35,-,13.92,0,0,122,1275,0,91.37,1336.51,1.13,33.03,-116.86,111.2,25.31,0,-
09-Jun-2018 13:19:54.921,-2.03,8.42,4.32,-0.15,-,-0.13,0,-0.28,-,13.92,0,0,122,1275,0,91.37,1340.1,355.9,33.03,-116.86,111.2,26.78,0,-
09-Jun-2018 13:19:55.922,-1.17,7.91,3.98,-0.21,-,-0.05,0,-0.27,-,13.92,0,0,122,1275,0,91.37,1343.16,345.04,33.03,-116.86,111.2,25.28,0,-
09-Jun-2018 13:19:56.921,-1.74,8.23,4.57,-0.15,-,-0.1,-0.05,-0.31,-,13.92,0,0,122,1275,0,91.37,1345.53,335.01,33.03,-116.86,111.2,24.61,0,-
09-Jun-2018 13:19:57.922,-1.6,8.47,3.8,-0.12,-,-0.11,0.11,-0.17,-,13.92,0,0,122,1275,0,91.37,1347.28,328.07,33.03,-116.86,111.2,25.62,0,-
09-Jun-2018 13:19:58.922,-1.19,8.37,3.73,-0.18,-,-0.04,0.03,-0.28,-,13.92,0,0,122,1275,0,91.37,1347.77,323.98,33.03,-116.86,111.2,26.24,0,-
09-Jun-2018 13:19:59.922,-1,8.28,4.94,-0.13,-,-0.03,-0.06,-0.19,-,13.92,0,0,122,1275,0,91.37,1349.36,321.99,33.03,-116.86,111.2,26.76,0,-
09-Jun-2018 13:20:00.921,-0.39,8.11,4.76,-0.15,-,0.03,-0.03,-0.24,-,13.92,0,0,122,1275,0,91.37,1344.81,323.54,33.03,-116.86,111.2,27.14,0,-
09-Jun-2018 13:20:01.921,-1.15,8.44,4.21,-0.15,-,-0.04,0,-0.29,-,13.92,0,0,122,1275,0,91.37,1345.92,325.45,33.03,-116.86,111.2,27.04,0,-
09-Jun-2018 13:20:02.921,-0.88,8.85,4.91,-0.13,-,-0.02,0.05,-0.22,-,13.92,0,0,122,1275,0,91.37,1349.21,324.82,33.03,-116.86,111.2,27.6,0,-
09-Jun-2018 13:20:03.921,-0.44,8.69,4.24,-0.13,-,0.03,0.03,-0.29,-,13.92,0,0,122,1275,0,91.37,1351.66,323.63,33.03,-116.86,111.2,27.53,0,-
09-Jun-2018 13:20:04.921,-0.69,7.99,4.06,-0.16,-,0,-0.04,-0.31,-,13.92,0,0,122,1275,0,91.37,1352.01,325.29,33.03,-116.86,111.2,27.25,0,-
09-Jun-2018 13:20:05.921,-0.87,8.63,4.24,-0.14,-,-0.01,-0.08,-0.3,-,13.92,0,0,122,1275,0,91.37,1351.44,327.07,33.03,-116.86,111.2,27.23,0,-
09-Jun-2018 13:20:06.921,-0.71,8.57,5.03,-0.16,-,0,0.02,-0.21,-,13.92,0,0,122,1275,0,91.37,1352.12,327.77,33.03,-116.86,111.2,26.67,0,-
09-Jun-2018 13:20:07.922,-1.24,8.49,4.52,-0.13,-,-0.05,0.01,-0.26,-,13.92,0,0,122,1275,0,91.37,1351.78,327.76,33.03,-116.86,111.2,26.26,0,-
09-Jun-2018 13:20:08.922,-1.46,7.5,4.95,-0.19,-,-0.01,-0.08,-0.26,-,13.92,0,0,122,1275,0,91.37,1350.69,327.23,33.03,-116.86,111.2,25.88,0,-
09-Jun-2018 13:20:09.920,-0.9,7.96,5.42,-0.14,-,-0.01,-0.06,-0.23,-,13.92,0,0,122,1275,0,91.37,1349.67,326.28,33.03,-116.86,111.2,25.37,0,-
09-Jun-2018 13:20:10.921,-0.77,7.81,4.59,-0.14,-,0.03,-0.06,-0.2,-,13.92,0,1,122,1275,0,91.37,1347.98,325.89,33.03,-116.86,111.2,24.97,0,-
09-Jun-2018 13:20:11.921,-0.55,9.07,5.01,-0.06,-,0.03,-0.01,-0.16,-,13.92,0,1,122,1275,0,91.37,1346.47,324.61,33.03,-116.86,111.2,24.77,0,-
09-Jun-2018 13:20:12.922,-0.22,7.95,4.69,-0.17,-,0.05,-0.05,-0.24,-,13.92,0,1,122,1275,0,91.37,1344.71,323.82,33.03,-116.86,111.2,25.52,0,-
09-Jun-2018 13:20:13.923,-0.66,8.36,4.57,-0.15,-,0.01,-0,-0.25,-,13.92,0,1,122,1275,0,91.37,1344.94,325.02,33.03,-116.86,111.2,26.19,0,-
09-Jun-2018 13:20:14.923,-0.85,8.36,4.09,-0.16,-,-0.01,-0,-0.3,-,13.92,0,0,122,1275,0,91.37,1344.6,325.37,33.03,-116.86,111.2,28.23,0,-
09-Jun-2018 13:20:15.923,-0.84,8.72,5.06,-0.09,-,-0.01,0.03,-0.21,-,13.92,0,0,122,1275,0,91.37,1340.25,326.99,33.03,-116.86,111.2,28.17,0,-
09-Jun-2018 13:20:16.921,-0.46,8.46,4.82,-0.15,-,0.03,-0.1,-0.2,-,13.92,0,0,122,1275,0,91.37,1338.41,326.39,33.03,-116.86,111.2,28.94,0,-
09-Jun-2018 13:20:17.921,-0.97,8.22,4.93,-0.14,-,-0.02,-0.04,-0.18,-,13.92,0,1,122,1275,0,91.37,1334.1,327.94,33.03,-116.86,111.2,28.7,0,-
09-Jun-2018 13:20:18.920,-1.11,7.58,5.06,-0.12,-,-0.03,-0.03,-0.2,-,13.92,0,1,122,1275,0,91.37,1330.68,326.15,33.03,-116.86,111.2,29.5,0,-
09-Jun-2018 13:20:19.922,-0.6,8.09,4.65,-0.17,-,0.01,0.01,-0.15,-,13.92,0,1,122,1275,0,91.37,1327.6,324.6,33.03,-116.86,111.2,29.66,0,-
09-Jun-2018 13:20:20.922,-0.6,8.18,5.44,-0.12,-,0.01,-0,-0.2,-,13.92,0,1,122,1275,0,91.37,1325.78,325.52,33.03,-116.86,111.2,29.98,0,-
09-Jun-2018 13:20:21.922,-0.8,7.8,4.79,-0.19,-,0.06,0,-0.22,-,13.92,0,1,122,1275,0,91.37,1323.7,325.73,33.03,-116.86,111.2,30.04,0,-
09-Jun-2018 13:20:22.921,-0.86,8.18,4.89,-0.16,-,-0.01,-0.02,-0.22,-,13.92,0,1,122,1275,0,91.37,1321.61,326.22,33.03,-116.86,111.2,30.25,0,-
09-Jun-2018 13:20:23.920,-0.02,7.68,4.52,-0.21,-,0.07,-0.07,-0.26,-,13.92,0,1,122,1275,0,91.37,1321.92,326.76,33.03,-116.86,111.2,29.43,0,-
09-Jun-2018 13:20:24.921,-0.76,7.7,5.03,-0.18,-,-0,-0.07,-0.21,-,13.92,0,1,122,1275,0,91.37,1322.44,326.94,33.03,-116.86,111.2,29.17,0,-
09-Jun-2018 13:20:25.923,-0.76,8.15,4.48,-0.17,-,-0,-0.03,-0.26,-,13.92,0,1,122,1275,0,91.37,1323.24,326.92,33.03,-116.86,111.2,28.47,0,-
09-Jun-2018 13:20:26.922,-0.45,7.98,5.09,-0.14,-,0.02,-0.07,-0.23,-,13.92,0,1,122,1275,0,91.37,1323.26,326.79,33.03,-116.86,111.2,28.21,0,-
09-Jun-2018 13:20:27.921,-0.91,7.63,4.92,-0.19,-,0.04,0.01,-0.22,-,13.92,0,1,122,1275,0,91.37,1322.05,326.72,33.03,-116.86,111.2,27.51,0,-
09-Jun-2018 13:20:28.921,-0.85,7.99,4.87,-0.09,-,0.03,0.05,-0.18,-,13.92,0,1,122,1275,0,91.37,1321.58,326.22,33.03,-116.86,111.2,27.19,0,-
09-Jun-2018 13:20:29.922,-0.46,8.66,4.87,-0.11,-,0.03,-0.05,-0.18,-,13.92,0,1,122,1275,0,91.37,1321.92,326.05,33.03,-116.86,111.2,26.7,0,-
09-Jun-2018 13:20:30.920,-0.43,9.29,6.28,0.02,-,-0.05,0,-0.14,-,13.92,0,1,122,1275,0,91.37,1321.04,326.1,33.03,-116.86,111.2,26.18,0,-
09-Jun-2018 13:20:31.921,-1.32,6.72,4.58,-0.28,-,-0.03,-0.04,-0.21,-,13.92,0,1,122,1275,0,91.37,1320.35,326.5,33.03,-116.86,111.2,25.3,0,-
09-Jun-2018 13:20:32.921,-0.9,7.7,5.79,-0.14,-,-0.02,-0.07,-0.13,-,13.92,1,1,122,1275,0,91.37,1318.76,326.56,33.03,-116.86,111.2,24.72,0,-
09-Jun-2018 13:20:33.920,-1.15,8.15,5.9,-0.09,-,-0.04,-0.03,-0.12,-,13.92,1,1,122,1275,0,91.37,1319.61,326.62,33.03,-116.86,111.2,22.51,0,-
09-Jun-2018 13:20:34.921,-0.57,7.47,6.13,-0.16,-,0.02,-0.09,-0.1,-,13.92,1,1,122,1275,0,91.37,1319.4,328.95,33.03,-116.86,111.2,20.05,0,-
09-Jun-2018 13:20:35.921,-0.25,7.96,6.33,-0.08,-,0.05,-0.04,-0.08,-,13.92,1,1,122,1275,0,91.37,1318.9,326.96,33.03,-116.87,111.2,17.24,0,-
09-Jun-2018 13:20:36.922,-0.4,7.1,6.38,-0.12,-,0.03,-0.13,-0.07,-,13.92,1,1,122,1275,0,91.37,1317.97,326.87,33.03,-116.87,111.2,13.41,0,-
09-Jun-2018 13:20:37.921,-0.63,7.58,6.56,-0.1,-,-0,-0.15,-0.05,-,13.92,1,1,122,1275,0,91.37,1317.23,329.34,33.03,-116.87,111.2,9.82,0,-
09-Jun-2018 13:20:38.921,-0.86,7.61,6.09,-0.13,-,0,-0.05,-0.1,-,13.92,1,1,122,1275,0,91.37,1315.29,336.96,33.03,-116.87,111.2,5.46,0,-
09-Jun-2018 13:20:39.922,-0.89,8.44,4.52,-0.14,-,-0,-0,-0.26,-,13.92,1,1,122,1275,0,91.37,1313.55,338.85,33.03,-116.87,111.2,2.26,0,-
09-Jun-2018 13:20:40.921,-1.12,9.43,2.83,-0.11,-,-0.01,0.1,-0.41,-,13.92,1,1,122,1275,0,91.37,1314.02,329.07,33.03,-116.87,111.2,2.19,0,-
09-Jun-2018 13:20:41.921,0.03,9.25,3.2,-0.12,-,0.08,0.09,-0.39,-,13.92,1,1,122,1275,0,91.37,1313.01,336.96,33.03,-116.87,111.2,6.71,0,-
09-Jun-2018 13:20:42.921,1.04,9.45,3.2,-0.1,-,0.18,0.11,-0.39,-,13.92,0,0,122,1275,0,91.37,1311.26,345.37,33.03,-116.87,111.2,12.34,0,-
09-Jun-2018 13:20:43.921,0.79,9.04,3.11,-0.11,-,0.15,0.07,-0.4,-,13.92,0,0,122,1275,0,91.37,1310.96,6.64,33.03,-116.87,111.2,17.51,0,-
09-Jun-2018 13:20:44.921,0.3,8.96,3.06,-0.16,-,0.13,0.08,-0.39,-,13.92,0,0,122,1275,0,91.37,1311.18,20.8,33.03,-116.87,111.2,21.33,0,-
09-Jun-2018 13:20:45.921,0.11,9.3,3.91,-0.13,-,-0.02,0.05,-0.36,-,13.92,0,0,122,1275,0,91.37,1310.99,27.13,33.03,-116.87,111.2,23.54,0,-
09-Jun-2018 13:20:46.920,-0.77,9.01,3.37,-0.14,-,-0.04,0.03,-0.3,-,13.92,0,0,122,1275,0,91.37,1310.45,27.72,33.04,-116.87,111.2,25.11,0,-
09-Jun-2018 13:20:47.921,-0.76,9.21,4.34,-0.08,-,-0.04,0.08,-0.32,-,13.92,0,0,122,1275,0,91.37,1309.73,27.34,33.04,-116.86,111.2,26.6,0,-
09-Jun-2018 13:20:48.921,-1.12,9.32,4.05,-0.08,-,-0,0.11,-0.34,-,13.92,0,0,122,1275,0,91.37,1310.16,26.01,33.04,-116.86,111.2,28.86,0,-
09-Jun-2018 13:20:49.922,-1.08,9.47,4.12,-0.16,-,-0.04,0.11,-0.3,-,13.92,0,0,122,1275,0,91.37,1311.94,23.1,33.04,-116.86,111.2,30.06,0,-
09-Jun-2018 13:20:50.920,-1.16,8.81,3.28,-0.16,-,-0.04,0.04,-0.39,-,13.92,0,0,122,1275,0,91.37,1314.07,20.7,33.04,-116.86,111.2,31.41,0,-
09-Jun-2018 13:20:51.921,-1.73,8.96,3.89,-0.13,-,-0.1,0.06,-0.32,-,13.92,0,0,122,1275,0,91.37,1316.35,17.89,33.04,-116.86,111.2,33.8,0,-
09-Jun-2018 13:20:52.924,-1.12,9.17,4.74,-0.06,-,-0.04,0.08,-0.24,-,13.92,0,0,122,1275,0,91.37,1316.83,13.26,33.04,-116.86,111.2,35.46,0,-
09-Jun-2018 13:20:53.921,-2.15,8.93,4.46,-0.13,-,-0.09,0.01,-0.32,-,13.92,0,0,122,1275,0,91.37,1317.93,10.51,33.04,-116.86,111.2,36.36,0,-
09-Jun-2018 13:20:54.921,-1.43,8.88,3.88,-0.12,-,-0.04,-0.07,-0.26,-,13.92,0,0,122,1275,0,91.37,1318.64,6.54,33.04,-116.86,111.2,37.63,0,-
09-Jun-2018 13:20:55.921,-1.93,8.21,4.59,-0.11,-,-0.08,-0.03,-0.25,-,13.92,0,0,122,1275,0,91.37,1317.22,2.7,33.04,-116.86,111.2,38.12,0,-
09-Jun-2018 13:20:56.921,-2.31,8.67,4.66,-0.09,-,-0.09,-0.14,-0.29,-,13.92,0,0,122,1275,0,91.37,1317.55,359.77,33.04,-116.86,111.2,38.12,0,-
09-Jun-2018 13:20:57.921,-2.22,6.78,3.77,-0.18,-,-0.15,-0.16,-0.34,-,13.92,0,0,122,1275,0,91.37,1317.45,354.45,33.04,-116.86,111.2,37.31,0,-
09-Jun-2018 13:20:58.921,-1.92,8.91,5.07,-0.06,-,-0.12,0.05,-0.2,-,13.92,0,0,122,1275,0,91.37,1317.57,350.25,33.04,-116.86,111.2,36.86,0,-
09-Jun-2018 13:20:59.921,-1.47,7.86,4.62,-0.19,-,-0.08,-0.05,-0.25,-,13.92,0,0,122,1275,0,91.37,1318.38,345.97,33.04,-116.86,111.2,36.35,0,-
09-Jun-2018 13:21:00.921,-1.83,8.43,5.75,-0.07,-,-0.11,0,-0.13,-,13.92,0,0,122,1275,0,91.37,1321.31,343.04,33.04,-116.86,111.2,36.39,0,-
09-Jun-2018 13:21:01.926,-1.7,8.05,4.87,-0.08,-,-0.1,-0.04,-0.22,-,13.92,0,0,122,1275,0,91.37,1322.02,339.13,33.04,-116.86,111.2,35.95,0,-
09-Jun-2018 13:21:02.921,-1.26,7.95,4.46,-0.18,-,-0.05,-0.05,-0.27,-,13.92,0,0,122,1275,0,91.37,1322.15,335.91,33.04,-116.86,111.2,36.38,0,-
09-Jun-2018 13:21:03.921,-2.31,8.54,4.92,-0.12,-,-0,-0.07,-0.21,-,13.92,0,0,122,1275,0,91.37,1324.58,332.01,33.04,-116.86,111.2,36.58,0,-
09-Jun-2018 13:21:04.922,-1.63,9.6,5.12,-0,-,-0.13,-0.08,-0.33,-,13.92,0,0,122,1275,0,91.37,1326.15,331.6,33.04,-116.87,111.2,36.11,0,-
09-Jun-2018 13:21:05.921,-1.29,8.8,4.31,-0.05,-,-0.04,0.06,-0.25,-,13.92,0,0,122,1275,0,91.37,1324.43,331.11,33.04,-116.87,111.2,36.46,0,-
09-Jun-2018 13:21:06.922,-1.69,7.1,4.49,-0.25,-,-0.12,-0,-0.14,-,13.92,0,0,122,1275,0,91.37,1321.89,330.26,33.04,-116.87,111.2,35.52,0,-
09-Jun-2018 13:21:07.921,-1.07,8.5,4.83,-0.14,-,-0.04,0.01,-0.23,-,13.92,0,0,122,1275,0,91.37,1319.85,328.1,33.04,-116.87,111.2,35.09,0,-
09-Jun-2018 13:21:08.924,-1.18,7.95,4.85,-0.14,-,-0.05,-0.05,-0.23,-,13.92,0,0,122,1275,0,91.37,1319.24,326.94,33.04,-116.87,111.2,35.17,0,-
09-Jun-2018 13:21:09.922,-1.24,8.35,5.48,-0.1,-,-0.05,-0,-0.16,-,13.92,0,0,122,1275,0,91.37,1319.11,326.51,33.04,-116.87,111.2,35.56,0,-
09-Jun-2018 13:21:10.921,-1.68,7.87,4.6,-0.07,-,0.01,0.03,-0.21,-,13.92,0,0,122,1275,0,91.37,1320.32,326.22,33.04,-116.87,111.2,35.31,0,-
09-Jun-2018 13:21:11.921,-0.87,8.54,4.79,-0.12,-,-0.1,-0.33,-0.32,-,13.92,0,0,122,1275,0,91.37,1323.91,326.38,33.04,-116.87,111.2,35.47,0,-
09-Jun-2018 13:21:12.922,-1.78,8.74,5.38,-0.06,-,-0.1,0.04,-0.16,-,13.92,0,0,122,1275,0,91.37,1324.37,327.21,33.04,-116.87,111.2,35.13,0,-
09-Jun-2018 13:21:13.921,-1.21,8,5.07,-0.15,-,0.03,-0.01,-0.26,-,13.92,0,0,122,1275,0,91.37,1325.84,325.48,33.04,-116.87,111.2,34.98,0,-
09-Jun-2018 13:21:14.922,-1.11,8.05,4.87,-0.16,-,-0.04,-0.04,-0.22,-,13.92,0,0,122,1275,0,91.37,1325.83,326.21,33.04,-116.87,111.2,35.1,0,-
09-Jun-2018 13:21:15.920,-0.81,8.02,4.23,-0.18,-,-0.01,-0.04,-0.29,-,13.92,0,0,122,1275,0,91.37,1325.15,326.5,33.04,-116.87,111.2,35.12,0,-
09-Jun-2018 13:21:16.920,-0.86,8.04,4.8,-0.16,-,-0.01,-0.04,-0.23,-,13.92,0,0,122,1275,0,91.37,1323.93,326.88,33.04,-116.87,111.2,35.17,0,-
09-Jun-2018 13:21:17.921,-1.1,9.26,4.69,-0.16,-,-0.15,-0.2,-0.22,-,13.92,0,0,122,1275,0,91.37,1324.22,326.46,33.04,-116.87,111.2,35.07,0,-
09-Jun-2018 13:21:18.921,-1.47,7.61,5.72,-0.14,-,-0.2,-0.15,-0.12,-,13.92,0,0,122,1275,0,91.37,1324.72,326.78,33.04,-116.87,111.2,35.12,0,-
09-Jun-2018 13:21:19.921,-1.18,7.95,5.04,-0.16,-,-0.07,-0.06,-0.18,-,13.92,0,0,122,1275,0,91.37,1325.59,326.58,33.04,-116.87,111.2,34.96,0,-
09-Jun-2018 13:21:20.921,-1.43,8.15,4.6,-0.16,-,-0.11,-0.08,-0.17,-,13.92,0,0,122,1275,0,91.37,1326.34,326.33,33.04,-116.87,111.2,34.22,0,-
09-Jun-2018 13:21:21.921,-1.39,7.62,5.32,-0.12,-,-0.04,0,-0.24,-,13.92,0,1,122,1275,0,91.37,1326.51,326.37,33.04,-116.87,111.2,33.18,0,-
09-Jun-2018 13:21:22.921,-1.56,8.56,6,-0.04,-,-0.08,0.02,-0.11,-,13.92,0,1,122,1275,0,91.37,1325.64,326.69,33.04,-116.87,111.2,32.36,0,-
09-Jun-2018 13:21:23.922,-1.84,7.9,5.21,-0.17,-,-0.11,-0.05,-0.19,-,13.92,0,1,122,1275,0,91.37,1325.39,325.36,33.04,-116.87,111.2,31.71,0,-
09-Jun-2018 13:21:24.921,-1.47,8.42,3.73,-0.17,-,-0.08,0,-0.34,-,13.92,0,0,122,1275,0,91.37,1326.52,326.26,33.04,-116.87,111.2,31.64,0,-
09-Jun-2018 13:21:25.922,-1,7.79,4.83,-0.17,-,0,0.02,-0.19,-,13.92,0,0,122,1275,0,91.37,1327.94,326.46,33.04,-116.87,111.2,31.92,0,-
09-Jun-2018 13:21:26.921,-0.86,7.97,4.67,-0.18,-,-0.02,0.03,-0.21,-,13.92,0,0,122,1275,0,91.37,1328.27,326.89,33.04,-116.87,111.2,31.83,0,-
09-Jun-2018 13:21:27.921,-1.45,8.37,5,-0.12,-,-0.02,0.03,-0.2,-,13.92,0,0,122,1275,0,91.37,1328.77,326.53,33.04,-116.87,111.2,31.39,0,-
09-Jun-2018 13:21:28.921,-0.68,8.41,4.65,-0.14,-,-0.04,0.02,-0.15,-,13.92,0,1,122,1275,0,91.37,1328.38,326.31,33.04,-116.87,111.2,31.02,0,-
09-Jun-2018 13:21:29.922,-1.27,9.03,6.6,-0.08,-,-0.06,-0.09,-0.19,-,13.92,0,1,122,1275,0,91.37,1327.32,327.04,33.04,-116.87,111.2,30.16,0,-
09-Jun-2018 13:21:30.921,-0.57,7.58,4.57,-0.22,-,0.02,-0.08,-0.25,-,13.92,0,1,122,1275,0,91.37,1326.73,326.67,33.04,-116.87,111.2,29.19,0,-
09-Jun-2018 13:21:31.921,-1.24,7.98,5.17,-0.13,-,-0.05,-0.04,-0.19,-,13.92,0,1,122,1275,0,91.37,1327.79,325.48,33.04,-116.87,111.2,28.09,0,-
09-Jun-2018 13:21:32.921,-0.17,8.64,5.19,-0.09,-,0.06,0.02,-0.19,-,13.92,0,1,122,1275,0,91.37,1329.06,326.03,33.04,-116.87,111.2,26.77,0,-
09-Jun-2018 13:21:33.921,-0.62,7.03,5.51,-0.15,-,0,-0.04,-0.19,-,13.92,0,1,122,1275,0,91.37,1330.52,326.1,33.04,-116.87,111.2,26.25,0,-
09-Jun-2018 13:21:34.922,-0.46,8.09,6.47,-0.06,-,0.01,-0.01,-0.11,-,13.92,0,1,122,1275,0,91.37,1336.06,325.76,33.04,-116.87,111.2,24.27,0,-
09-Jun-2018 13:21:35.921,-0.7,7.41,6.16,-0.14,-,-0.01,-0.11,-0.08,-,13.92,1,1,122,1275,0,91.37,1336.27,327.34,33.04,-116.87,111.2,20.5,0,-
09-Jun-2018 13:21:36.922,-0.94,6.88,6.6,-0.12,-,0,-0.15,-0.07,-,13.92,1,1,122,1275,0,91.37,1335.49,328.23,33.04,-116.87,111.2,15.69,0,-
09-Jun-2018 13:21:37.921,-0.81,6.56,6.61,-0.17,-,-0.01,-0.19,-0.05,-,13.92,1,1,122,1275,0,91.37,1334.06,327.35,33.04,-116.87,111.2,10.78,0,-
09-Jun-2018 13:21:38.922,-0.86,7.76,5.73,-0.14,-,-0.01,-0.07,-0.14,-,13.92,1,1,122,1275,0,91.37,1332.96,335.76,33.04,-116.87,111.2,5.3,0,-
09-Jun-2018 13:21:39.921,-0.8,7.46,6.09,-0.13,-,-0.01,-0.1,-0.1,-,13.92,1,1,122,1275,0,91.37,1332.54,308.21,33.04,-116.87,111.2,3.33,0,-
09-Jun-2018 13:21:40.922,-1.11,8.15,5,-0.14,-,-0.02,0.02,-0.27,-,13.92,1,1,122,1275,0,91.37,1332.35,3.13,33.04,-116.87,111.2,0.32,0,-
09-Jun-2018 13:21:41.921,-0.92,8.47,4.42,-0.14,-,-0.03,-0,-0.25,-,13.92,1,1,122,1275,0,91.37,1331.52,3.13,33.04,-116.87,111.2,0,0,-
09-Jun-2018 13:21:42.920,-1,8.46,4.71,-0.13,-,-0.02,-0.01,-0.26,-,13.92,1,1,122,1275,0,91.37,1331.52,3.13,33.04,-116.87,111.2,0,0,-
09-Jun-2018 13:21:43.921,-0.97,8.43,4.55,-0.14,-,-0.04,-0,-0.25,-,13.92,1,1,122,1275,0,91.37,1331.52,3.13,33.04,-116.87,111.2,0,0,-
09-Jun-2018 13:21:44.927,-1.02,8.38,4.68,-0.14,-,-0.03,-0,-0.24,-,13.92,1,1,122,1275,0,91.37,1331.52,3.13,33.04,-116.87,111.2,0,0,-
09-Jun-2018 13:21:45.921,-1.03,8.39,4.75,-0.14,-,-0.03,-0,-0.24,-,13.92,1,1,122,1275,0,91.37,1331.52,3.13,33.04,-116.87,111.2,0,0,-
09-Jun-2018 13:21:46.922,-1.02,8.32,4.49,-0.14,-,-0.03,-0.01,-0.26,-,13.92,1,1,122,1275,0,91.37,1331.52,3.13,33.04,-116.87,111.2,0,0,-
09-Jun-2018 13:21:47.922,-0.99,8.5,4.72,-0.12,-,-0.03,-0.01,-0.26,-,13.92,1,1,122,1275,0,91.37,1331.52,3.13,33.04,-116.87,111.2,0,0,-
09-Jun-2018 13:21:48.922,-1.02,8.34,4.75,-0.14,-,-0.03,-0.01,-0.26,-,13.92,1,1,122,1275,0,91.37,1331.52,3.13,33.04,-116.87,111.2,0,0,-
09-Jun-2018 13:21:49.921,-0.94,8.48,4.61,-0.13,-,-0.03,-0.01,-0.26,-,13.92,1,1,122,1275,0,91.37,1331.52,3.13,33.04,-116.87,111.2,0,0,-
09-Jun-2018 13:21:50.922,-0.99,8.42,4.52,-0.14,-,-0.04,-0.01,-0.23,-,13.92,1,1,122,1275,0,91.37,1331.52,3.13,33.04,-116.87,111.2,0,0,-
09-Jun-2018 13:21:51.921,-0.88,8.41,4.42,-0.15,-,-0.02,0,-0.27,-,13.92,1,1,122,1275,0,91.37,1331.52,3.13,33.04,-116.87,111.2,0,0,-
09-Jun-2018 13:21:52.922,-0.91,8.41,4.44,-0.14,-,-0.02,-0,-0.26,-,13.92,1,1,122,1275,0,91.37,1331.52,3.13,33.04,-116.87,111.2,0,0,-
09-Jun-2018 13:21:53.922,-1.02,8.3,4.53,-0.15,-,-0.03,-0.01,-0.26,-,13.92,1,1,122,1275,0,91.37,1331.52,3.13,33.04,-116.87,111.2,0,0,-
09-Jun-2018 13:21:54.920,-1.06,8.38,4.63,-0.14,-,-0.03,-0,-0.25,-,13.92,1,1,122,1275,0,91.37,1331.52,3.13,33.04,-116.87,111.2,0,0,-
09-Jun-2018 13:21:55.921,-1.08,8.47,4.58,-0.13,-,-0.04,0.01,-0.25,-,13.92,0,1,122,1275,0,91.37,1331.52,3.13,33.04,-116.87,111.2,0,0,-
09-Jun-2018 13:21:56.921,-1.09,9.29,3.06,-0.12,-,-0.04,0.09,-0.41,-,13.92,0,1,122,1275,0,91.37,1331.52,3.13,33.04,-116.87,111.2,0,0,-
09-Jun-2018 13:21:57.921,-0.75,9.57,2.7,-0.09,-,-0.06,0.16,-0.45,-,13.92,0,1,122,1275,0,91.37,1333.03,306.87,33.04,-116.87,111.2,1.86,0,-
09-Jun-2018 13:21:58.920,-1.09,9.3,2.82,-0.12,-,-0.04,0.13,-0.41,-,13.92,0,1,122,1275,0,91.37,1335.34,313.72,33.04,-116.87,111.2,7.39,0,-
09-Jun-2018 13:21:59.921,-1.49,9.79,2.88,-0.11,-,-0.01,0.08,-0.4,-,13.92,0,0,122,1275,0,91.37,1336.87,326.85,33.04,-116.87,111.2,13.82,0,-
09-Jun-2018 13:22:00.921,-1.44,9.36,3.66,-0.09,-,-0.04,0.12,-0.38,-,13.92,0,0,122,1275,0,91.37,1337.02,328.44,33.04,-116.87,111.2,17.69,0,-
09-Jun-2018 13:22:01.923,-0.67,9.27,4.31,-0.15,-,-0.01,0.04,-0.27,-,13.92,0,0,122,1275,0,91.37,1336.8,326.92,33.04,-116.87,111.2,20.69,0,-
09-Jun-2018 13:22:02.921,-0.82,8.28,4.35,-0.16,-,0,-0.03,-0.32,-,13.92,0,0,122,1275,0,91.37,1336.57,328.21,33.04,-116.87,111.2,23.24,0,-
09-Jun-2018 13:22:03.921,-1.21,8.24,5.29,-0.12,-,-0.01,-0.08,-0.2,-,13.92,0,0,122,1275,0,91.37,1336.04,327.18,33.04,-116.87,111.2,22.91,0,-
09-Jun-2018 13:22:04.922,-1.37,8.66,5.56,-0.06,-,-0.07,0.03,-0.15,-,13.92,0,0,122,1275,0,91.37,1329.38,327.94,33.04,-116.87,111.2,21.2,0,-
09-Jun-2018 13:22:05.926,-1.23,8.02,5.24,-0.14,-,-0.05,-0.04,-0.19,-,13.92,0,0,122,1275,0,91.37,1325.22,329.55,33.04,-116.87,111.2,20.75,0,-
09-Jun-2018 13:22:06.922,-0.92,7.89,5.19,-0.15,-,-0.02,-0.05,-0.19,-,13.92,0,1,122,1275,0,91.37,1325.26,328.52,33.04,-116.87,111.2,20.01,0,-
09-Jun-2018 13:22:07.921,-0.69,8.47,4.74,-0.17,-,-0.02,-0.06,-0.26,-,13.92,0,1,122,1275,0,91.37,1326.93,328.57,33.04,-116.87,111.2,19.46,0,-
09-Jun-2018 13:22:08.921,-0.69,8.13,4.69,-0.15,-,-0.01,-0.04,-0.23,-,13.92,0,1,122,1275,0,91.37,1326.43,327.81,33.04,-116.87,111.2,18.48,0,-
09-Jun-2018 13:22:09.921,-0.95,7.18,5.51,-0.18,-,-0.02,-0.12,-0.16,-,13.92,1,1,122,1275,0,91.37,1329.25,325.25,33.04,-116.87,111.2,17.06,0,-
09-Jun-2018 13:22:10.922,-1.11,7.25,6.66,-0.11,-,-0.04,-0.12,-0.04,-,13.92,1,1,122,1275,0,91.37,1330.78,326.49,33.04,-116.87,111.2,14.2,0,-
09-Jun-2018 13:22:11.921,0.39,7.17,6.18,-0.14,-,0.11,-0.12,-0.09,-,13.92,1,1,122,1275,0,91.37,1333.37,327.32,33.04,-116.87,111.2,10.21,0,-
09-Jun-2018 13:22:12.924,-0.43,7.56,5.96,-0.14,-,0.03,-0.09,-0.11,-,13.92,1,1,122,1275,0,91.37,1334.33,339.1,33.04,-116.87,111.2,7.23,0,-
09-Jun-2018 13:22:13.922,-0.86,7.75,5.88,-0.13,-,-0.01,-0.06,-0.12,-,13.92,1,1,122,1275,0,91.37,1333.16,343.32,33.04,-116.87,111.2,3.27,0,-
09-Jun-2018 13:22:14.921,-0.84,7.66,5.78,-0.14,-,-0.01,-0.07,-0.13,-,13.92,1,1,122,1275,0,91.37,1335.91,20.9,33.04,-116.87,111.2,0.4,0,-
09-Jun-2018 13:22:15.922,-0.87,8.7,4.23,-0.14,-,-0.01,0.03,-0.28,-,13.92,1,1,122,1275,0,91.37,1333.34,20.9,33.04,-116.87,111.2,0,0,-
09-Jun-2018 13:22:16.922,-0.95,8.89,4.19,-0.12,-,-0.02,0.02,-0.29,-,13.92,0,0,122,1275,0,91.37,1333.34,20.9,33.04,-116.87,111.2,0,0,-
09-Jun-2018 13:22:17.921,-0.41,10.06,2.71,-0.09,-,0.05,0.08,-0.48,-,13.92,0,0,122,1275,0,91.37,1333.76,359.43,33.04,-116.87,111.2,2.15,0,-
09-Jun-2018 13:22:18.922,0.91,9.24,2.46,-0.14,-,0.17,0.09,-0.47,-,13.92,0,0,122,1275,0,91.37,1337.07,10.4,33.04,-116.87,111.2,6.23,0,-
09-Jun-2018 13:22:19.921,0.81,9.78,3.26,-0.06,-,0.16,0.14,-0.39,-,13.92,0,0,122,1275,0,91.37,1335.16,28.02,33.04,-116.87,111.2,16.01,0,-
09-Jun-2018 13:22:20.921,-0.16,9.1,3.27,-0.14,-,0.06,0.07,-0.39,-,13.92,0,0,122,1275,0,91.37,1336.17,48.28,33.04,-116.87,111.2,19.71,0,-
09-Jun-2018 13:22:21.921,-0.72,9.18,3.73,-0.11,-,0,0.08,-0.34,-,13.92,0,0,122,1275,0,91.37,1335.21,54.41,33.04,-116.87,111.2,22.36,0,-
09-Jun-2018 13:22:22.921,-1.3,8.23,3.2,-0.21,-,0.03,0.04,-0.31,-,13.92,0,0,122,1275,0,91.37,1334.04,56.09,33.04,-116.87,111.2,25.09,0,-
09-Jun-2018 13:22:23.922,-1.55,9.06,3.35,-0.13,-,-0.1,0.02,-0.44,-,13.92,0,0,122,1275,0,91.37,1332.27,57.76,33.04,-116.87,111.2,27.35,0,-
09-Jun-2018 13:22:24.922,-1.04,8.95,3.36,-0.14,-,-0.04,0.07,-0.29,-,13.92,0,0,122,1275,0,91.37,1331.65,56.93,33.04,-116.87,111.2,29.5,0,-
09-Jun-2018 13:22:25.922,-1.48,9.12,5.3,-0.04,-,-0.1,0.02,-0.31,-,13.92,0,0,122,1275,0,91.37,1328.58,53.97,33.04,-116.87,111.2,30.65,0,-
09-Jun-2018 13:22:26.922,-1.62,8.26,5.76,-0.18,-,-0.09,-0.09,-0.3,-,13.92,0,0,122,1275,0,91.37,1328.38,56.03,33.04,-116.87,111.2,33.09,0,-
09-Jun-2018 13:22:27.921,-0.91,7.74,5.7,-0.14,-,-0.02,-0.07,-0.14,-,13.92,0,1,122,1275,0,91.37,1327.98,56.56,33.04,-116.87,111.2,33.41,0,-
09-Jun-2018 13:22:28.921,-1.7,8.31,5.49,-0.16,-,-0.1,-0.01,-0.16,-,13.92,0,1,122,1275,0,91.37,1327.23,57.24,33.04,-116.87,111.2,32.34,0,-
09-Jun-2018 13:22:29.921,-1.66,7.97,4.78,-0.11,-,-0.09,-0.04,-0.23,-,13.92,0,1,122,1275,0,91.37,1326.5,57.41,33.04,-116.87,111.2,31.77,0,-
09-Jun-2018 13:22:30.921,-0.79,7.87,4.24,-0.12,-,-0.04,0.02,-0.18,-,13.92,0,1,122,1275,0,91.37,1326.19,56.84,33.04,-116.87,111.2,31.54,0,-
09-Jun-2018 13:22:31.921,-1.24,8.14,4.73,-0.14,-,-0.01,-0.06,-0.37,-,13.92,0,0,122,1275,0,91.37,1326.02,56.53,33.04,-116.87,111.2,31.3,0,-
09-Jun-2018 13:22:32.926,-0.56,8.41,4.06,-0.12,-,0.03,0.02,-0.23,-,13.92,0,0,122,1275,0,91.37,1325.79,57.38,33.04,-116.87,111.2,30.93,0,-
09-Jun-2018 13:22:33.923,-0.02,8.2,4.87,-0.11,-,-0,0.06,-0.14,-,13.92,0,0,122,1275,0,91.37,1325.51,57.28,33.04,-116.87,111.2,30.71,0,-
09-Jun-2018 13:22:34.921,-0.45,8.54,5.03,-0.12,-,-0.05,0.08,-0.19,-,13.92,0,1,122,1275,0,91.37,1325.33,56.13,33.04,-116.87,111.2,29.59,0,-
09-Jun-2018 13:22:35.921,-0.94,7.86,4.64,-0.14,-,0.09,0.06,-0.27,-,13.92,0,1,122,1275,0,91.37,1325.53,56.92,33.04,-116.87,111.2,29.45,0,-
09-Jun-2018 13:22:36.921,-1.25,7.66,4.73,-0.19,-,-0.02,-0.06,-0.26,-,13.92,0,1,122,1275,0,91.37,1325,56.55,33.04,-116.87,111.2,29,0,-
09-Jun-2018 13:22:37.921,-0.66,8.23,4.64,-0.1,-,0.01,-0.02,-0.25,-,13.92,0,1,122,1275,0,91.37,1325.65,57.14,33.04,-116.87,111.2,29.35,0,-
09-Jun-2018 13:22:38.922,-1.02,8.23,4.97,-0.14,-,-0.03,-0.02,-0.21,-,13.92,0,0,122,1275,0,91.37,1326.45,56.58,33.04,-116.87,111.2,29.15,0,-
09-Jun-2018 13:22:39.923,-0.95,9.3,5.63,-0.15,-,-0.04,0,-0.29,-,13.92,0,0,122,1275,0,91.37,1327.41,56.93,33.04,-116.87,111.2,28.8,0,-
09-Jun-2018 13:22:40.925,-0.46,8.4,4.84,-0.13,-,-0,-0.07,-0.21,-,13.92,0,0,122,1275,0,91.37,1326.71,57.08,33.04,-116.87,111.2,29.3,0,-
09-Jun-2018 13:22:41.922,-0.78,8.62,5.56,-0.11,-,0.03,0.03,-0.15,-,13.92,0,1,122,1275,0,91.37,1327.21,56.82,33.04,-116.87,111.2,28.62,0,-
09-Jun-2018 13:22:42.921,-1.51,7.75,4.56,-0.15,-,-0.11,0.03,-0.2,-,13.92,0,1,122,1275,0,91.37,1327.93,56.97,33.04,-116.87,111.2,27.39,0,-
09-Jun-2018 13:22:43.921,-0.75,7.58,5.38,-0.1,-,-0.02,0,-0.13,-,13.92,0,1,122,1275,0,91.37,1327.35,58.06,33.04,-116.87,111.2,26.06,0,-
09-Jun-2018 13:22:44.922,-1.98,7.87,5.6,-0.12,-,0,-0.02,-0.11,-,13.92,0,1,122,1275,0,91.37,1327.53,56.98,33.04,-116.87,111.2,25.14,0,-
09-Jun-2018 13:22:45.923,-0.49,8.97,6.22,-0.12,-,0.02,0.06,-0.09,-,13.92,0,1,122,1275,0,91.37,1329.13,55.94,33.04,-116.87,111.2,23.89,0,-
09-Jun-2018 13:22:46.922,-1.03,8.39,4.45,-0.15,-,-0.03,-0,-0.27,-,13.92,0,1,122,1275,0,91.37,1330.58,56.32,33.04,-116.87,111.2,22.83,0,-
09-Jun-2018 13:22:47.922,-1.66,7.99,5.05,-0.14,-,-0.09,-0.04,-0.21,-,13.92,0,1,122,1275,0,91.37,1330.76,56.57,33.04,-116.87,111.2,22.09,0,-
09-Jun-2018 13:22:48.923,-1.19,8.6,5.29,-0.09,-,-0.11,-0.1,-0.23,-,13.92,0,1,122,1275,0,91.37,1330.95,56.28,33.04,-116.87,111.2,21.15,0,-
09-Jun-2018 13:22:49.921,-0.68,7.58,5.38,-0.13,-,0.01,-0.06,-0.16,-,13.92,0,1,122,1275,0,91.37,1330.9,56.51,33.04,-116.87,111.2,20.07,0,-
09-Jun-2018 13:22:50.921,-1.24,6.99,5.5,-0.13,-,-0.06,-0.12,-0.15,-,13.92,0,1,122,1275,0,91.37,1331.73,55.78,33.04,-116.87,111.2,17.35,0,-
09-Jun-2018 13:22:51.921,-0.88,7.62,6.67,-0.09,-,0.04,-0.05,-0.12,-,13.92,0,1,122,1275,0,91.37,1332.02,56.37,33.04,-116.86,111.2,14.68,0,-
09-Jun-2018 13:22:52.922,-0.76,7.39,6.07,-0.14,-,-0.02,-0.14,-0.08,-,13.92,1,1,122,1275,0,91.37,1331.62,57.08,33.04,-116.86,111.2,10.91,0,-
09-Jun-2018 13:22:53.921,-1,7.96,5.37,-0.14,-,-0.03,-0.04,-0.17,-,13.92,1,1,122,1275,0,91.37,1331.13,58.63,33.04,-116.86,111.2,7.33,0,-
09-Jun-2018 13:22:54.921,-1.31,7.97,5.03,-0.16,-,-0.06,-0.04,-0.21,-,13.92,1,1,122,1275,0,91.37,1331,59.09,33.04,-116.86,111.2,6.22,0,-
09-Jun-2018 13:22:55.920,-0.93,8.08,5.12,-0.15,-,-0.02,-0.03,-0.2,-,13.92,1,1,122,1275,0,91.37,1332.53,52.46,33.04,-116.86,111.2,5.19,0,-
09-Jun-2018 13:22:56.922,-0.75,7.83,5.51,-0.15,-,-0,-0.06,-0.16,-,13.92,1,1,122,1275,0,91.37,1333.3,50.1,33.04,-116.86,111.2,3.86,0,-
09-Jun-2018 13:22:57.925,-0.99,8.02,5.14,-0.15,-,-0.02,-0.02,-0.21,-,13.92,1,1,122,1275,0,91.37,1333.08,60.25,33.04,-116.86,111.2,2.67,0,-
09-Jun-2018 13:22:58.923,-1.02,7.97,5.21,-0.14,-,-0.02,-0.03,-0.2,-,13.92,1,1,122,1275,0,91.37,1331.74,50.54,33.04,-116.86,111.2,1.46,0,-
09-Jun-2018 13:22:59.922,-1.02,8.6,4.37,-0.13,-,-0.03,0.01,-0.28,-,13.92,1,1,122,1275,0,91.37,1332.43,50.54,33.04,-116.86,111.2,0,0,-
09-Jun-2018 13:23:00.922,-0.99,8.45,4.49,-0.14,-,-0.01,0.01,-0.27,-,13.92,1,1,122,1275,0,91.37,1332.43,50.54,33.04,-116.86,111.2,0,0,-
09-Jun-2018 13:23:01.927,-1.07,8.68,4.64,-0.11,-,-0.02,-0.01,-0.27,-,13.92,1,1,122,1275,0,91.37,1334.27,53.07,33.04,-116.86,111.2,2.15,0,-
09-Jun-2018 13:23:02.922,-1.24,9.07,3.68,-0.12,-,-0.05,0.07,-0.35,-,13.92,0,0,122,1275,0,91.37,1335.1,57.68,33.04,-116.86,111.2,2.8,0,-
09-Jun-2018 13:23:03.922,-1.62,9.18,3.76,-0.12,-,-0.09,0.08,-0.34,-,13.92,0,0,122,1275,0,91.37,1336,56.99,33.04,-116.86,111.2,4.68,0,-
09-Jun-2018 13:23:04.924,-1.09,8.8,4.32,-0.12,-,-0.04,0.04,-0.28,-,13.92,0,0,122,1275,0,91.37,1332.73,55.09,33.04,-116.86,111.2,7,0,-
09-Jun-2018 13:23:05.921,-1.37,9.29,3.76,-0.1,-,-0.05,0.06,-0.33,-,13.92,0,0,122,1275,0,91.37,1333.84,55.91,33.04,-116.86,111.2,9.74,0,-
09-Jun-2018 13:23:06.921,-1.54,8.36,5.08,-0.11,-,-0.06,0,-0.26,-,13.92,0,0,122,1275,0,91.37,1331.47,57.99,33.04,-116.86,111.2,11.8,0,-
09-Jun-2018 13:23:07.921,-1.29,7.91,5.48,-0.13,-,-0.02,-0.02,-0.23,-,13.92,0,0,122,1275,0,91.37,1330.52,58.34,33.04,-116.86,111.2,11.47,0,-
09-Jun-2018 13:23:08.930,-0.77,8.28,5.37,-0.15,-,0.01,-0.04,-0.17,-,13.92,0,0,122,1275,0,91.37,1330.43,56.56,33.04,-116.86,111.2,9.89,0,-
09-Jun-2018 13:23:09.921,-0.72,8.95,4.52,0.02,-,0,0.07,-0.09,-,13.92,0,0,122,1275,0,91.37,1330.49,55.92,33.04,-116.86,111.2,9.53,0,-
09-Jun-2018 13:23:10.925,-1,7.86,4.1,-0.02,-,-0.02,-0.04,-0.13,-,13.92,0,0,122,1275,0,91.37,1330.29,54.78,33.04,-116.86,111.2,9.54,0,-
09-Jun-2018 13:23:11.921,-0.6,8.03,4.97,-0.05,-,0.02,-0.03,-0.04,-,13.92,0,0,122,1275,0,91.37,1330.61,55.91,33.04,-116.86,111.2,9.62,0,-
09-Jun-2018 13:23:12.923,-0.76,8.12,4.92,-0.04,-,-0.06,-0.03,0,-,13.92,0,1,122,1275,0,91.37,1331.74,56.99,33.04,-116.86,111.2,9.23,0,-
09-Jun-2018 13:23:13.921,-1.09,8.03,4.67,-0.06,-,-0.06,-0.07,-0.11,-,13.92,0,1,122,1275,0,91.37,1333.03,59.68,33.04,-116.86,111.2,8.69,0,-
09-Jun-2018 13:23:14.921,-1.05,8.34,4.87,-0.02,-,-0.02,-0.01,-0.04,-,13.92,0,1,122,1275,0,91.37,1335.53,58.15,33.04,-116.86,111.2,8.14,0,-
09-Jun-2018 13:23:15.936,-1.17,10.08,2.83,0.06,-,-0.05,0.11,-0.19,-,13.92,0,1,122,1275,0,91.37,1335.98,57.31,33.04,-116.86,111.2,7.84,0,-
09-Jun-2018 13:23:16.922,-1.64,9.21,3.09,-0.02,-,-0.09,0.09,-0.23,-,13.92,0,0,122,1275,0,91.37,1337.45,56.88,33.04,-116.86,111.2,10.51,0,-
09-Jun-2018 13:23:17.922,-0.99,9.26,2.39,-0.03,-,-0.02,0.1,-0.3,-,13.92,0,0,122,1275,0,91.37,1336.06,56.6,33.04,-116.86,111.2,15.86,0,-
09-Jun-2018 13:23:18.921,-1.59,7.78,3.77,-0.11,-,-0.08,-0.05,-0.16,-,13.92,0,0,122,1275,0,91.37,1335.82,57.07,33.04,-116.86,111.2,18.89,0,-
09-Jun-2018 13:23:19.923,-0.79,8.33,3.6,0,-,-0.09,0.12,-0.24,-,13.92,0,0,122,1275,0,91.37,1335.81,58.71,33.04,-116.86,111.2,20.92,0,-
09-Jun-2018 13:23:20.923,-1.67,8.56,3.11,-0.07,-,0.03,0.02,-0.28,-,13.92,0,0,122,1275,0,91.37,1335.97,57.3,33.04,-116.86,111.2,23.29,0,-
09-Jun-2018 13:23:21.921,-1.7,9.75,3.76,0.01,-,-0.01,0.17,-0.04,-,13.92,0,0,122,1275,0,91.37,1336.14,57.18,33.04,-116.86,111.2,24.77,0,-
09-Jun-2018 13:23:22.922,-0.56,9.22,4.6,0.04,-,-0.05,-0.02,-0.2,-,13.92,0,0,122,1275,0,91.37,1336.58,56.6,33.04,-116.86,111.2,26.11,0,-
09-Jun-2018 13:23:23.921,-1.4,8.15,5.35,0.01,-,-0.06,-0.01,-0,-,13.92,0,0,122,1275,0,91.37,1337.37,55.66,33.04,-116.86,111.2,27.82,0,-
09-Jun-2018 13:23:24.921,-0.22,9.14,5.23,0.06,-,0.06,0.09,-0.01,-,13.92,0,0,122,1275,0,91.37,1336.81,56.08,33.04,-116.86,111.2,28.23,0,-
09-Jun-2018 13:23:25.921,-0.55,7.7,4.86,-0.01,-,0.02,-0.06,-0.05,-,13.92,0,0,122,1275,0,91.37,1335.47,56.17,33.04,-116.86,111.2,28.31,0,-
09-Jun-2018 13:23:26.921,-0.72,8.93,5.31,-0.03,-,0,0.07,-0.01,-,13.92,0,0,122,1275,0,91.37,1335.56,56.15,33.04,-116.86,111.2,27.32,0,-
09-Jun-2018 13:23:27.921,-1.03,9.26,4.92,0.06,-,-0.03,0.1,-0.05,-,13.92,0,1,122,1275,0,91.37,1336.28,57.24,33.04,-116.86,111.2,26.06,0,-
09-Jun-2018 13:23:28.926,-0.58,8.22,4.61,-0.03,-,0.01,0,-0,-,13.92,0,1,122,1275,0,91.37,1337.61,57.86,33.04,-116.86,111.2,25.2,0,-
09-Jun-2018 13:23:29.921,-0.95,8.31,5.94,0.04,-,-0.03,0.03,-0,-,13.92,0,1,122,1275,0,91.37,1339.05,57.44,33.05,-116.86,111.2,23.76,0,-
09-Jun-2018 13:23:30.920,-1.34,8.24,5.08,-0.01,-,-0.01,-0.06,-0.1,-,13.92,0,1,122,1275,0,91.37,1339.56,57.17,33.05,-116.86,111.2,22.59,0,-
09-Jun-2018 13:23:31.921,-1.24,7.64,4.89,-0.07,-,0,-0.04,-0.07,-,13.92,0,1,122,1275,0,91.37,1341,57.4,33.05,-116.86,111.2,21.78,0,-
09-Jun-2018 13:23:32.921,-0.71,7.96,5.32,-0.03,-,0.01,-0.03,-0,-,13.92,0,1,122,1275,0,91.37,1340.57,55.9,33.05,-116.86,111.2,20.7,0,-
09-Jun-2018 13:23:33.921,-1.35,7.98,4.64,-0.04,-,-0.06,-0.03,-0.07,-,13.92,0,1,122,1275,0,91.37,1340.42,57.02,33.05,-116.86,111.2,20.39,0,-
09-Jun-2018 13:23:34.922,-0.87,7.71,5.2,-0.06,-,-0.01,-0.06,-0.02,-,13.92,0,1,122,1275,0,91.37,1339.81,56.1,33.05,-116.86,111.2,20.26,0,-
09-Jun-2018 13:23:35.922,-0.75,8.5,4.77,0,-,-0.06,0.05,0,-,13.92,0,1,122,1275,0,91.37,1340.05,56.52,33.05,-116.86,111.2,18.94,0,-
09-Jun-2018 13:23:36.921,-0.34,7.74,4.12,-0.12,-,0.04,-0.02,-0.11,-,13.92,0,1,122,1275,0,91.37,1340.66,56.75,33.05,-116.86,111.2,18.02,0,-
09-Jun-2018 13:23:37.922,1.97,8.36,4.87,-0.01,-,0.28,-0.01,-0.09,-,13.92,0,1,122,1275,0,91.37,1340.84,61.02,33.05,-116.86,111.2,16.62,0,-
09-Jun-2018 13:23:38.922,2.29,7.73,3.48,-0.11,-,0.33,-0.05,0.03,-,13.92,0,1,122,1275,0,91.37,1339.65,76.66,33.05,-116.86,111.2,15.95,0,-
09-Jun-2018 13:23:39.922,1.25,9.78,5.08,-0,-,0.21,0.15,-0.03,-,13.92,0,1,122,1275,0,91.37,1338.61,116.04,33.05,-116.86,111.2,17.26,0,-
09-Jun-2018 13:23:40.924,0.17,8.89,5.55,0.06,-,0.1,0.06,0.02,-,13.92,0,1,122,1275,0,91.37,1338.45,139.9,33.05,-116.86,111.2,17.46,0,-
09-Jun-2018 13:23:41.922,0.18,8.36,4.53,-0.04,-,0.1,0.01,-0.09,-,13.92,0,1,122,1275,0,91.37,1340.26,146.78,33.05,-116.86,111.2,17,0,-
09-Jun-2018 13:23:42.922,-0.71,8.2,4.25,-0.07,-,0.08,-0.15,-0.11,-,13.92,0,1,122,1275,0,91.37,1338.9,150.01,33.05,-116.86,111.2,16.93,0,-
09-Jun-2018 13:23:43.921,-1.02,8.24,4.96,-0.02,-,-0.05,-0.07,0.04,-,13.92,0,1,122,1275,0,91.37,1335.21,147.55,33.05,-116.86,111.2,16.99,0,-
09-Jun-2018 13:23:44.922,-1.03,7.83,5.38,-0.07,-,-0.09,-0.02,-0.02,-,13.92,0,1,122,1275,0,91.37,1335.12,147.21,33.05,-116.86,111.2,16.92,0,-
09-Jun-2018 13:23:45.921,-0.49,8.41,4.9,-0.02,-,0.01,0.09,-0.02,-,13.92,0,1,122,1275,0,91.37,1334.89,145.8,33.05,-116.86,111.2,16.75,0,-
09-Jun-2018 13:23:46.922,-0.33,8.84,5.04,-0.07,-,0.04,0.06,-0.03,-,13.92,0,1,122,1275,0,91.37,1335.44,145.49,33.05,-116.86,111.2,16.69,0,-
09-Jun-2018 13:23:47.921,-0.24,8.43,5.04,-0.01,-,0.05,0.01,-0.03,-,13.92,0,1,122,1275,0,91.37,1333.95,146.74,33.04,-116.86,111.2,16.99,0,-
09-Jun-2018 13:23:48.922,0.73,7.55,6.44,0,-,0.15,-0.08,0.11,-,13.92,1,1,122,1275,0,91.37,1331.57,144.5,33.04,-116.86,111.2,16.28,0,-
09-Jun-2018 13:23:49.921,1.02,7.09,6.8,-0,-,0.18,-0.12,0.15,-,13.92,1,1,122,1275,0,91.37,1331.34,146.62,33.04,-116.86,111.2,13.3,0,-
09-Jun-2018 13:23:50.922,-0.82,8.38,5.31,-0.03,-,0.03,-0.02,0,-,13.92,1,1,122,1275,0,91.37,1332.86,174.61,33.04,-116.86,111.2,7.47,0,-
09-Jun-2018 13:23:51.921,-0.27,8.04,5.39,-0.02,-,0.17,-0.01,-0,-,13.92,0,1,122,1275,0,91.37,1335.56,213.89,33.04,-116.86,111.2,5.79,0,-
09-Jun-2018 13:23:52.921,-0.57,9.06,3.18,-0.05,-,0,0.03,-0.25,-,13.92,0,1,122,1275,0,91.37,1337.7,231.79,33.04,-116.86,111.2,5.21,0,-
09-Jun-2018 13:23:53.922,-0.34,9.16,4.46,0.03,-,0.09,0.05,-0.13,-,13.92,0,1,122,1275,0,91.37,1338.71,233.78,33.04,-116.86,111.2,6.87,0,-
09-Jun-2018 13:23:54.922,-2.15,8.72,5.19,0,-,-0.14,0.04,-0.02,-,13.92,0,1,122,1275,0,91.37,1340.67,239.21,33.04,-116.86,111.2,8.22,0,-
09-Jun-2018 13:23:55.921,-1.58,8.04,4.41,-0.06,-,-0.08,-0.02,-0.1,-,13.92,0,0,122,1275,0,91.37,1341.4,236.12,33.04,-116.86,111.2,8.65,0,-
09-Jun-2018 13:23:56.921,-0.81,8.23,4.91,-0.06,-,-0,-0.01,-0.05,-,13.92,0,0,122,1275,0,91.37,1342.7,221.38,33.04,-116.86,111.2,8.36,0,-
09-Jun-2018 13:23:57.921,-0.11,8.21,4.78,-0.02,-,0.07,-0.01,-0.06,-,13.92,0,0,122,1275,0,91.37,1342.74,215.75,33.04,-116.86,111.2,8.89,0,-
09-Jun-2018 13:23:58.922,-0.56,8.38,4.91,-0.02,-,0.04,0.01,-0.04,-,13.92,0,0,122,1275,0,91.37,1341.5,230.94,33.04,-116.86,111.2,7.89,0,-
09-Jun-2018 13:23:59.922,1.38,8.1,5.66,-0,-,0.24,0.01,0.04,-,13.92,0,1,122,1275,0,91.37,1341.3,248.37,33.04,-116.86,111.2,7.73,0,-
09-Jun-2018 13:24:00.929,0.95,8.02,5.88,0.01,-,0.15,-0.04,-0,-,13.92,0,1,122,1275,0,91.37,1343.55,280.8,33.04,-116.86,111.2,6.38,0,-
09-Jun-2018 13:24:01.922,-0.14,7.39,6.28,-0.02,-,0.04,-0.06,0.08,-,13.92,0,1,122,1275,0,91.37,1344.81,323.77,33.04,-116.86,111.2,6.89,0,-
09-Jun-2018 13:24:02.922,-0.79,7.87,5.46,-0.03,-,-0,-0.04,0.01,-,13.92,1,1,122,1275,0,91.37,1345.71,336.79,33.04,-116.86,111.2,3.81,0,-
09-Jun-2018 13:24:03.921,-0.66,8.34,4.72,-0.03,-,0.01,0.01,-0.07,-,13.92,1,1,122,1275,0,91.37,1346.65,340.15,33.04,-116.86,111.2,0.27,0,-
09-Jun-2018 13:24:04.923,-0.79,7.62,5.58,-0.04,-,-0,-0.07,0.02,-,13.92,1,1,122,1275,0,91.37,1348.22,340.15,33.04,-116.86,111.2,0,0,-
09-Jun-2018 13:24:05.926,-1.66,7.3,5.35,-0,-,0,-0.07,0.1,-,13.92,1,1,122,1275,0,91.37,1348.22,340.15,33.04,-116.86,111.2,0,0,-
09-Jun-2018 13:24:06.923,-0.65,7.45,6.15,-0.02,-,0.01,-0.08,0.07,-,13.92,1,1,122,1275,0,91.37,1348.22,340.15,33.04,-116.86,111.2,0,0,-
09-Jun-2018 13:24:07.921,-0.65,7.39,6.09,-0.03,-,0.01,-0.08,0.05,-,13.92,1,1,122,1275,0,91.37,1348.22,340.15,33.04,-116.86,111.2,0,0,-
09-Jun-2018 13:24:08.921,-0.65,7.36,6.07,-0.03,-,0.01,-0.09,0.06,-,13.92,1,1,122,1275,0,91.37,1348.22,340.15,33.04,-116.86,111.2,0,0,-
09-Jun-2018 13:24:09.924,-0.57,7.48,5.99,-0.03,-,0.02,-0.08,0.07,-,13.92,0,1,122,1275,0,91.37,1348.22,340.15,33.04,-116.86,111.2,0,0,-
09-Jun-2018 13:24:10.924,-0.71,7.47,6.49,0,-,0.01,-0.08,0.04,-,13.92,0,1,122,1275,0,91.37,1348.22,340.15,33.04,-116.86,111.2,0,0,-
09-Jun-2018 13:24:11.923,-0.52,7.48,5.82,-0.04,-,0.03,-0.08,0.05,-,13.92,0,1,122,1275,0,91.37,1348.22,340.15,33.04,-116.86,111.2,0,0,-
09-Jun-2018 13:24:12.922,-0.62,7.45,6.07,-0.03,-,0.01,-0.08,0.07,-,13.92,0,1,122,1275,0,91.37,1348.22,340.15,33.04,-116.86,111.2,0,0,-
09-Jun-2018 13:24:13.920,-0.58,7.35,6,-0.04,-,0.02,-0.1,0.06,-,13.92,0,1,122,1275,0,91.37,1348.22,340.15,33.04,-116.86,111.2,0,0,-
09-Jun-2018 13:24:14.923,-0.59,7.46,5.99,-0.03,-,0.01,-0.1,0.07,-,13.92,0,1,122,1275,0,91.37,1348.22,340.15,33.04,-116.86,111.2,0,0,-
