Device Time, G(x), G(y), G(z), G(calibrated), AC,Acceleration Sensor(X axis)(g),Acceleration Sensor(Y axis)(g),Acceleration Sensor(Z axis)(g),Ambient air temp(°F),Barometric pressure (from vehicle)(psi),Brake switch 5(bite),Closed throttle(bite),Engine Coolant Temperature(°F),Engine RPM(rpm),Fuel flow rate/minute(gal/min),Fuel Level (From Engine ECU)(%),GPS Altitude(ft),GPS Bearing(°),GPS Latitude(°),GPS Longitude(°),Intake Air Temperature(°F),Speed (OBD)(mph)
09-Jun-2018 08:13:15.620,0.59,6.86,6.68,-0.01,-,0.02,-0,-0.01,-,13.92,1,1,123.8,1000,0,98.43,1306.94,28.97,33.02,-116.86,75.2,0
09-Jun-2018 08:13:16.615,0.46,6.77,6.68,-0.01,-,0,-0.01,-0.01,-,13.92,1,1,123.8,1000,0,98.43,1306.94,28.97,33.02,-116.86,75.2,0
09-Jun-2018 08:13:17.615,0.52,6.92,6.76,-0,-,0.02,-0,-0.01,-,13.92,1,1,123.8,1000,0,98.43,1306.94,28.97,33.02,-116.86,75.2,0
09-Jun-2018 08:13:18.614,0.5,6.94,6.63,-0.01,-,0.01,0.01,-0.02,-,13.92,1,1,123.8,1000,0,98.43,1306.94,28.97,33.02,-116.86,75.2,0
09-Jun-2018 08:13:19.614,0.58,6.88,6.83,-0.01,-,0.02,0,0,-,13.92,1,1,123.8,1000,0,98.43,1306.94,28.97,33.02,-116.86,75.2,0
09-Jun-2018 08:13:20.618,0.53,6.83,6.48,-0.03,-,0.01,-0,-0.03,-,13.92,1,1,123.8,1000,0,98.43,1306.94,28.97,33.02,-116.86,75.2,0
09-Jun-2018 08:13:21.614,0.6,6.82,6.6,-0.02,-,0.02,-0,-0.02,-,13.92,1,1,123.8,1000,0,98.43,1306.94,28.97,33.02,-116.86,75.2,0
09-Jun-2018 08:13:22.615,0.51,6.85,6.51,-0,-,0.01,0,0,-,13.92,1,1,123.8,1000,0,98.43,1306.94,28.97,33.02,-116.86,75.2,0
09-Jun-2018 08:13:23.614,0.5,7.12,6.49,-0.01,-,0.01,-0.02,-0.01,-,13.92,1,1,123.8,1000,0,98.43,1306.94,28.97,33.02,-116.86,75.2,0
09-Jun-2018 08:13:24.615,0.46,7.05,6.29,-0.02,-,0.01,0.01,0.01,-,13.92,0,1,123.8,1000,0,98.43,1306.94,28.97,33.02,-116.86,75.2,0
09-Jun-2018 08:13:25.616,0.42,7,6.54,-0.01,-,0.02,0.02,-0.06,-,13.92,0,1,123.8,1000,0,98.43,1306.94,28.97,33.02,-116.86,75.2,0
09-Jun-2018 08:13:26.620,0.63,6.94,6.13,-0.04,-,0.01,0.03,0,-,13.92,0,1,123.8,1000,0,98.43,1306.94,28.97,33.02,-116.86,75.2,0
09-Jun-2018 08:13:27.615,0.57,7.01,6.37,-0,-,0.01,0.02,-0,-,13.92,0,1,123.8,1000,0,98.43,1306.94,28.97,33.02,-116.86,75.2,0
09-Jun-2018 08:13:28.617,0.67,6.98,6.63,-0,-,0.02,-0.01,-0.01,-,13.92,0,1,123.8,1000,0,98.43,1306.94,28.97,33.02,-116.86,75.2,0
09-Jun-2018 08:13:29.615,0.52,6.97,6.55,-0,-,0.03,0.01,-0.06,-,13.92,0,1,123.8,1000,0,98.43,1287.88,183.37,33.02,-116.86,75.2,0
09-Jun-2018 08:13:30.622,0.6,6.82,6.43,-0.03,-,0.05,0,-0.07,-,13.92,0,1,123.8,1000,0,98.43,1290.82,188.6,33.02,-116.86,75.2,0
09-Jun-2018 08:13:31.616,0.75,6.68,6.61,-0.03,-,0.03,0,-0.02,-,13.92,0,1,123.8,1000,0,98.43,1293.71,190.74,33.02,-116.86,75.2,0
09-Jun-2018 08:13:32.615,0.78,6.76,6.76,-0.01,-,0.04,-0.01,-0,-,13.92,0,1,123.8,1000,0,98.43,1295.29,206.5,33.02,-116.86,75.2,0
09-Jun-2018 08:13:33.613,0.98,6.77,6.47,-0.03,-,0.06,-0.01,-0.03,-,13.92,0,1,123.8,1000,0,98.43,1296.39,214.86,33.02,-116.86,75.2,0
09-Jun-2018 08:13:34.617,1.04,6.85,6.68,-0.02,-,0.06,-0,-0.01,-,13.92,0,1,123.8,1000,0,98.43,1296.38,234.21,33.02,-116.86,75.2,0
09-Jun-2018 08:13:35.618,1.27,7.22,6.65,0.02,-,0.11,0,0.02,-,13.92,0,1,123.8,1000,0,98.43,1297.06,248.38,33.02,-116.86,75.2,0
09-Jun-2018 08:13:36.613,1.12,6.94,6.8,-0.01,-,0.03,0,-0.01,-,13.92,0,1,123.8,1000,0,98.43,1297.81,265.28,33.02,-116.86,75.2,0
09-Jun-2018 08:13:37.614,0.92,6.68,6.57,-0.03,-,0.05,-0.05,0.08,-,13.92,0,1,123.8,1000,0,98.43,1298.03,277.69,33.02,-116.86,75.2,0
09-Jun-2018 08:13:38.613,0.66,6.27,7.17,-0.01,-,0.05,-0.04,0.04,-,13.92,1,1,123.8,1000,0,98.43,1301.72,283.27,33.02,-116.86,75.2,0
09-Jun-2018 08:13:39.615,0.81,6.38,6.58,-0.01,-,0.02,-0.04,-0.02,-,13.92,1,1,123.8,1000,0,98.43,1300.45,283.9,33.02,-116.86,75.2,0
09-Jun-2018 08:13:40.614,0.74,6.07,7.16,-0.03,-,0.03,-0.08,0.04,-,13.92,1,1,123.8,1000,0,98.43,1301.3,285.4,33.02,-116.86,75.2,0
09-Jun-2018 08:13:41.615,0.6,6.63,6.67,-0.01,-,0.02,-0.02,-0.01,-,13.92,1,1,123.8,1000,0,98.43,1304.08,285.91,33.02,-116.86,75.2,0
09-Jun-2018 08:13:42.616,0.47,7.26,6.77,-0.01,-,0.01,0.04,-0,-,13.92,1,1,123.8,1000,0,98.43,1300.28,285.91,33.02,-116.86,75.2,0
09-Jun-2018 08:13:43.614,0.89,7.16,6.11,-0.02,-,0.05,0.03,-0.07,-,13.92,0,1,123.8,1000,0,98.43,1300.28,285.91,33.02,-116.86,75.2,0
09-Jun-2018 08:13:44.613,1.22,7.32,6.33,-0.01,-,0.03,0.04,-0.03,-,13.92,0,1,123.8,1000,0,98.43,1301.85,276.51,33.02,-116.86,75.2,0
09-Jun-2018 08:13:45.614,0.63,7.52,5.56,-0.03,-,0.07,0.05,-0.11,-,13.92,0,0,123.8,1000,0,98.43,1303.97,312.54,33.02,-116.86,75.2,0
09-Jun-2018 08:13:46.614,1.56,8.17,6.06,0.02,-,0.2,0.09,-0.09,-,13.92,0,0,123.8,1000,0,98.43,1306.81,317.29,33.02,-116.86,75.2,0
09-Jun-2018 08:13:47.613,1.29,7.81,4.8,-0.04,-,0.04,0.06,-0.13,-,13.92,0,0,123.8,1000,0,98.43,1307.61,343.74,33.03,-116.86,75.2,0
09-Jun-2018 08:13:48.613,1.25,7.6,6,0.01,-,0.01,0.07,-0.1,-,13.92,0,0,123.8,1000,0,98.43,1307.38,355.09,33.03,-116.86,75.2,0
09-Jun-2018 08:13:49.616,1.42,6.99,7.55,0.01,-,0.07,-0.05,0.01,-,13.92,0,0,123.8,1000,0,98.43,1305.22,358.17,33.03,-116.86,75.2,0
09-Jun-2018 08:13:50.616,1.23,6.45,6.32,-0.06,-,0.08,-0.04,-0.05,-,13.92,0,1,123.8,1000,0,98.43,1302.53,358.22,33.03,-116.86,75.2,0
09-Jun-2018 08:13:51.615,1.3,6.46,6.12,-0.07,-,0.09,-0.04,-0.07,-,13.92,0,1,123.8,1000,0,98.43,1300.11,0.28,33.03,-116.86,75.2,0
09-Jun-2018 08:13:52.614,0.26,6.96,7.26,-0,-,-0.02,0.01,0.05,-,13.92,0,1,123.8,1000,0,98.43,1299.79,1.67,33.03,-116.86,75.2,0
09-Jun-2018 08:13:53.614,0.29,6.9,7.02,0.02,-,-0.01,0,0.02,-,13.92,0,1,123.8,1000,0,98.43,1298.75,3.26,33.03,-116.86,75.2,0
09-Jun-2018 08:13:54.615,0.71,6.68,6.81,-0.01,-,0.03,-0.02,0,-,13.92,0,1,123.8,1000,0,98.43,1297.65,3.86,33.03,-116.86,75.2,0
09-Jun-2018 08:13:55.617,0.56,6.16,7.6,0.01,-,0.01,-0.07,0.08,-,13.92,0,1,123.8,1000,0,98.43,1297.19,1.25,33.03,-116.86,75.2,0
09-Jun-2018 08:13:56.616,0.47,6.04,8.03,0.01,-,0.04,-0.07,0.17,-,13.92,1,1,123.8,1000,0,98.43,1295.99,357.91,33.03,-116.86,75.2,0
09-Jun-2018 08:13:57.613,1.8,5.34,7.37,-0.04,-,0.04,-0.15,0.09,-,13.92,1,1,123.8,1000,0,98.43,1297.3,356.59,33.03,-116.86,75.2,0
09-Jun-2018 08:13:58.614,1.18,6.02,7.91,0.03,-,0.05,-0.08,0.03,-,13.92,1,1,123.8,1000,0,98.43,1297.82,359.78,33.03,-116.86,75.2,0
09-Jun-2018 08:13:59.614,1,6.25,6.77,-0.01,-,0.08,-0.06,0.05,-,13.92,1,1,123.8,1000,0,98.43,1304.07,356.56,33.03,-116.86,75.2,0
09-Jun-2018 08:14:00.614,0.88,6.94,6.22,-0.03,-,0.07,-0.03,0.03,-,13.92,1,1,123.8,1000,0,98.43,1305.13,357.21,33.03,-116.86,75.2,0
09-Jun-2018 08:14:01.613,0.58,8.88,4.73,0.02,-,0.02,0.21,-0.21,-,13.92,0,1,123.8,1000,0,98.43,1306.44,127.2,33.03,-116.86,75.2,0
09-Jun-2018 08:14:02.615,0.12,8.1,4.22,-0.06,-,-0.03,0.13,-0.26,-,13.92,0,0,123.8,1000,0,98.43,1307.22,10.15,33.03,-116.86,75.2,0
09-Jun-2018 08:14:03.614,0.57,8.22,4.82,-0.01,-,0.02,0.14,-0.2,-,13.92,0,0,123.8,1000,0,98.43,1307.72,3.73,33.03,-116.86,75.2,0
09-Jun-2018 08:14:04.613,0.97,6.77,6.07,-0.03,-,0.06,-0.01,-0.08,-,13.92,0,0,123.8,1000,0,98.43,1307.61,0.32,33.03,-116.86,75.2,0
09-Jun-2018 08:14:05.614,-0.29,8.7,4.11,-0.01,-,0.03,0.18,-0.13,-,13.92,0,0,123.8,1000,0,98.43,1307.27,1.11,33.03,-116.86,75.2,0
09-Jun-2018 08:14:06.613,0.71,7.24,5.73,-0.03,-,0.03,0.06,-0.16,-,13.92,0,0,123.8,1000,0,98.43,1307.54,358.11,33.03,-116.86,75.2,0
09-Jun-2018 08:14:07.613,-0.62,8.43,6.23,0.08,-,-0.09,0.11,-0.09,-,13.92,0,0,123.8,1000,0,98.43,1308.5,357.72,33.03,-116.86,75.2,0
09-Jun-2018 08:14:08.613,-0.35,8.16,5.87,0.04,-,-0.08,0.07,-0.14,-,13.92,0,0,123.8,1000,0,98.43,1308.37,358.11,33.03,-116.86,75.2,0
09-Jun-2018 08:14:09.614,0.89,7.27,6.1,-0,-,-0.04,0.07,0,-,13.92,0,0,123.8,1000,0,98.43,1308.93,359.18,33.03,-116.86,75.2,0
09-Jun-2018 08:14:10.620,0.48,6.97,6.42,-0.02,-,0.01,0.01,-0.04,-,13.92,0,0,123.8,1000,0,98.43,1308.53,358.45,33.03,-116.86,75.2,0
09-Jun-2018 08:14:11.613,0.72,7.35,7.27,-0.01,-,0.03,0.05,0.05,-,13.92,0,0,123.8,1000,0,98.43,1308.01,359.24,33.03,-116.86,75.2,0
09-Jun-2018 08:14:12.614,0.88,6.87,6.18,-0.04,-,0.05,0,-0.06,-,13.92,0,0,123.8,1000,0,98.43,1307.33,358.75,33.03,-116.86,75.2,0
09-Jun-2018 08:14:13.613,0.59,6.04,5.81,-0.04,-,0.02,-0.08,-0.1,-,13.92,0,0,123.8,1000,0,98.43,1306.32,359.8,33.03,-116.86,75.2,0
09-Jun-2018 08:14:14.614,0.75,6.64,6.96,-0,-,0.03,-0.02,0.02,-,13.92,0,1,123.8,1000,0,98.43,1306.51,359.04,33.03,-116.86,75.2,0
09-Jun-2018 08:14:15.613,0.72,6.75,7.2,0.02,-,0.03,-0.01,0.04,-,13.92,0,1,123.8,1000,0,98.43,1306.79,359.96,33.03,-116.86,75.2,0
09-Jun-2018 08:14:16.614,1.02,6.22,7.48,0.02,-,0.06,-0.07,0.07,-,13.92,0,1,123.8,1000,0,98.43,1306.63,359.9,33.03,-116.86,75.2,0
09-Jun-2018 08:14:17.613,0.34,6.91,7.07,-0.02,-,-0.01,0,0.03,-,13.92,0,1,123.8,1000,0,98.43,1305.26,0.47,33.03,-116.86,75.2,0
09-Jun-2018 08:14:18.614,0.35,6.18,7.83,0.03,-,-0.01,-0.07,0.1,-,13.92,0,1,123.8,1000,0,98.43,1303.21,0.08,33.03,-116.86,75.2,0
09-Jun-2018 08:14:19.614,0.55,5.89,8.11,0.02,-,0.06,-0.08,0.12,-,13.92,1,1,123.8,1000,0,98.43,1300.12,358.35,33.03,-116.86,75.2,0
09-Jun-2018 08:14:20.614,0.49,6.55,7.63,0.04,-,0,0.01,0.04,-,13.92,0,1,123.8,1000,0,98.43,1298.9,358.9,33.03,-116.86,75.2,0
09-Jun-2018 08:14:21.618,1.22,3.62,8.02,0.06,-,0.08,-0.02,-0.09,-,13.92,0,1,123.8,1000,0,98.43,1298.29,359.62,33.03,-116.86,75.2,0
09-Jun-2018 08:14:22.613,0.71,7.85,6.35,0.05,-,0.01,0.06,-0.2,-,13.92,0,1,123.8,1000,0,98.43,1299.6,357.49,33.03,-116.86,75.2,0
09-Jun-2018 08:14:23.614,-0.13,7.61,5.32,0.02,-,-0.04,0.11,-0.03,-,13.92,0,0,123.8,1000,0,98.43,1301.04,0.27,33.03,-116.86,75.2,0
09-Jun-2018 08:14:24.614,1.01,7.16,4.99,-0.09,-,-0.05,0.14,-0.15,-,13.92,0,0,123.8,1000,0,98.43,1301,0.03,33.03,-116.86,75.2,0
09-Jun-2018 08:14:25.615,-0.03,8.21,4.93,-0.02,-,0.06,0.05,-0.14,-,13.92,0,0,123.8,1000,0,98.43,1299.59,358.34,33.03,-116.86,75.2,0
09-Jun-2018 08:14:26.614,1.2,7.97,6.44,0.06,-,0.08,0.11,-0.04,-,13.92,0,0,123.8,1000,0,98.43,1298.63,359.28,33.03,-116.86,75.2,0
09-Jun-2018 08:14:27.614,0.94,6.58,6.58,-0.03,-,0.05,-0.03,-0.02,-,13.92,0,0,123.8,1000,0,98.43,1297.12,359.58,33.03,-116.86,75.2,0
09-Jun-2018 08:14:28.614,0.3,6.5,6.78,-0.05,-,-0.01,-0.04,-0,-,13.92,0,1,123.8,1000,0,98.43,1296.33,0.47,33.03,-116.86,75.2,0
09-Jun-2018 08:14:29.614,0.48,6.79,7.8,0.07,-,0.01,-0.01,0.1,-,13.92,0,1,123.8,1000,0,98.43,1294.14,0.05,33.03,-116.86,75.2,0
09-Jun-2018 08:14:30.614,1.05,6.23,6.38,0.01,-,0.07,-0.06,-0.04,-,13.92,0,0,123.8,1000,0,98.43,1295.22,359.41,33.03,-116.86,75.2,0
09-Jun-2018 08:14:31.614,0.44,6.27,6.93,-0.03,-,0.09,0,-0.16,-,13.92,0,0,123.8,1000,0,98.43,1296.53,0.01,33.03,-116.86,75.2,0
09-Jun-2018 08:14:32.615,0.78,5.89,5.61,-0.06,-,0.04,-0.01,-0.04,-,13.92,0,0,123.8,1000,0,98.43,1297.4,0.17,33.03,-116.86,75.2,0
09-Jun-2018 08:14:33.615,1.4,5.83,6.75,-0.07,-,0.05,-0.01,0.11,-,13.92,0,0,123.8,1000,0,98.43,1298.41,0.42,33.03,-116.86,75.2,0
09-Jun-2018 08:14:34.613,0.49,7.06,7.42,0.02,-,-0,0.02,-0.07,-,13.92,0,0,123.8,1000,0,98.43,1300.08,359.99,33.03,-116.86,75.2,0
09-Jun-2018 08:14:35.613,0.68,6.57,6.38,-0.05,-,-0.02,0.04,0.05,-,13.92,0,0,123.8,1000,0,98.43,1302.42,0.34,33.03,-116.86,75.2,0
09-Jun-2018 08:14:36.613,-0.03,6.96,7.01,-0.02,-,0.08,-0.04,-0.09,-,13.92,0,0,123.8,1000,0,98.43,1304.1,0.36,33.03,-116.86,75.2,0
09-Jun-2018 08:14:37.613,0.83,6.7,8.06,0.09,-,0.02,0.09,0.03,-,13.92,0,0,123.8,1000,0,98.43,1306.49,359.88,33.03,-116.86,75.2,0
09-Jun-2018 08:14:38.615,2.49,6.92,7.13,0,-,0.07,-0.03,-0.06,-,13.92,0,0,123.8,1000,0,98.43,1307.67,359.73,33.03,-116.86,75.2,0
09-Jun-2018 08:14:39.614,1.36,6.24,6.98,-0.02,-,-0.01,0.08,0.07,-,13.92,0,0,123.8,1000,0,98.43,1308.62,359.71,33.03,-116.86,75.2,0
09-Jun-2018 08:14:40.614,-0.34,7.45,5.99,0.19,-,-0.08,0.06,0.48,-,13.92,0,0,123.8,1000,0,98.43,1309.99,359.58,33.03,-116.86,75.2,0
09-Jun-2018 08:14:41.614,0.52,7.29,7.23,0.06,-,0.13,0.05,-0.06,-,13.92,0,0,123.8,1000,0,98.43,1310.76,0.43,33.03,-116.86,75.2,0
09-Jun-2018 08:14:42.614,1.3,6.37,6.77,0.04,-,0.09,-0.05,-0,-,13.92,0,0,123.8,1000,0,98.43,1314.79,0.13,33.03,-116.86,75.2,0
09-Jun-2018 08:14:43.614,1.02,6.33,6.77,-0.04,-,0.06,-0.05,-0,-,13.92,0,0,123.8,1000,0,98.43,1316,359.74,33.03,-116.86,75.2,0
09-Jun-2018 08:14:44.614,0.81,6.91,7.09,0.03,-,0.04,0,0.03,-,13.92,0,0,123.8,1000,0,98.43,1317.81,0.72,33.03,-116.86,75.2,0
09-Jun-2018 08:14:45.614,1.11,6.93,7.43,-0.01,-,0.07,0.01,0.06,-,13.92,0,0,123.8,1000,0,98.43,1317.02,0.39,33.03,-116.86,75.2,0
09-Jun-2018 08:14:46.615,0.66,6.83,7.46,0.05,-,0.02,0.06,-0,-,13.92,0,0,123.8,1000,0,98.43,1314.44,359.7,33.03,-116.86,75.2,0
09-Jun-2018 08:14:47.613,1.09,7.13,7.34,-0.01,-,0.06,0,0.06,-,13.92,0,0,123.8,1000,0,98.43,1312.29,0.61,33.03,-116.86,75.2,0
09-Jun-2018 08:14:48.615,0.41,6.41,6.92,-0.02,-,0.03,-0.04,0.05,-,13.92,0,0,123.8,1000,0,98.43,1311.34,359.6,33.03,-116.86,75.2,0
09-Jun-2018 08:14:49.614,0.04,6.75,7.24,0,-,0.02,-0.05,0.04,-,13.92,0,0,123.8,1000,0,98.43,1311.99,358.28,33.03,-116.86,75.2,0
09-Jun-2018 08:14:50.613,-1.08,7.24,6.48,0.01,-,-0.11,0.01,0.02,-,13.92,0,0,123.8,1000,0,98.43,1315.09,355.8,33.03,-116.86,75.2,0
09-Jun-2018 08:14:51.614,0.33,6.63,6.11,0,-,-0.08,0.02,0.01,-,13.92,0,0,123.8,1000,0,98.43,1315.49,350.77,33.03,-116.86,75.2,0
09-Jun-2018 08:14:52.614,0.47,6.53,6.13,-0.07,-,-0,-0.03,-0.09,-,13.92,0,0,123.8,1000,0,98.43,1315.81,341.65,33.03,-116.86,75.2,0
09-Jun-2018 08:14:53.616,-0.51,7.22,6.68,0.02,-,0.04,-0.01,0.01,-,13.92,0,0,123.8,1000,0,98.43,1315.93,333.16,33.03,-116.86,75.2,0
09-Jun-2018 08:14:54.615,-0.02,6.99,6.22,-0.03,-,-0.07,0.06,-0.06,-,13.92,0,0,123.8,1000,0,98.43,1318.42,326.08,33.03,-116.86,75.2,0
09-Jun-2018 08:14:55.614,0.19,6.84,7.34,0.04,-,-0.02,-0,0.05,-,13.92,0,0,123.8,1000,0,98.43,1320.3,324.25,33.03,-116.86,75.2,0
09-Jun-2018 08:14:56.615,0.77,7.28,7.66,0.09,-,0.04,0.04,0.09,-,13.92,0,1,123.8,1000,0,98.43,1323.6,326.31,33.03,-116.86,75.2,0
09-Jun-2018 08:14:57.614,1.1,7.04,7.38,-0.01,-,0.07,0.02,0.06,-,13.92,0,1,123.8,1000,0,98.43,1326.98,325.51,33.03,-116.86,75.2,0
09-Jun-2018 08:14:58.614,0.97,7.51,7.52,0.1,-,0.06,0.07,0.07,-,13.92,0,1,123.8,1000,0,98.43,1328.83,323.6,33.03,-116.86,75.2,0
09-Jun-2018 08:14:59.614,1.34,7.23,7.31,0.04,-,0.09,0.04,0.05,-,13.92,0,1,123.8,1000,0,98.43,1331.36,323.73,33.03,-116.86,75.2,0
09-Jun-2018 08:15:00.616,1.23,7.73,7.62,0.13,-,0.02,0.09,0.04,-,13.92,0,0,123.8,1000,0,98.43,1334.93,323.11,33.03,-116.86,75.2,0
09-Jun-2018 08:15:01.613,1.06,6.81,6.9,0.01,-,0.01,-0.02,0.05,-,13.92,0,0,123.8,1000,0,98.43,1337.86,326.15,33.03,-116.86,75.2,0
09-Jun-2018 08:15:02.614,0.85,6.32,6.89,-0.03,-,0.09,-0.07,-0.02,-,13.92,0,1,123.8,1000,0,98.43,1340.16,326.86,33.03,-116.86,75.2,0
09-Jun-2018 08:15:03.614,0.79,7.31,6.55,0.02,-,0.06,-0.02,-0.04,-,13.92,0,1,123.8,1000,0,98.43,1342.99,327.49,33.03,-116.86,75.2,0
09-Jun-2018 08:15:04.614,0.1,7.73,7.01,0.06,-,0.02,0.06,0.04,-,13.92,0,0,123.8,1000,0,98.43,1345.09,326.18,33.03,-116.86,75.2,0
09-Jun-2018 08:15:05.614,0.8,5.93,6.59,-0.08,-,0.03,-0.07,-0.05,-,13.92,0,1,123.8,1000,0,98.43,1345.82,327.81,33.03,-116.86,75.2,0
09-Jun-2018 08:15:06.616,0.76,6.59,7.22,0.02,-,-0,0.01,0.06,-,13.92,0,1,123.8,1000,0,98.43,1346.42,325.28,33.03,-116.86,75.2,0
09-Jun-2018 08:15:07.615,0.65,6.37,6.91,-0.03,-,0.07,-0.08,-0.03,-,13.92,0,1,123.8,1000,0,98.43,1346.56,325.35,33.03,-116.86,75.2,0
09-Jun-2018 08:15:08.613,1.24,6.46,7.03,-0,-,0.1,-0.04,0.07,-,13.92,0,1,123.8,1000,0,98.43,1346.23,324.93,33.03,-116.86,75.2,0
09-Jun-2018 08:15:09.615,0.81,6.23,7.38,0,-,0.04,-0.06,0.06,-,13.92,0,1,123.8,1000,0,98.43,1345.16,324.34,33.03,-116.86,75.2,0
09-Jun-2018 08:15:10.616,1.33,6.48,7.44,-0.01,-,0.08,-0.07,-0.02,-,13.92,0,1,123.8,1000,0,98.43,1342.72,325.02,33.03,-116.86,75.2,0
09-Jun-2018 08:15:11.614,0.43,6.99,8.04,0.1,-,0.02,-0.03,-0.01,-,13.92,0,1,123.8,1000,0,98.43,1339.88,326,33.03,-116.86,75.2,0
09-Jun-2018 08:15:12.613,0.37,6.89,6.37,0.03,-,-0,0,-0.04,-,13.92,0,1,123.8,1000,0,98.43,1338.4,328.16,33.03,-116.86,75.2,0
09-Jun-2018 08:15:13.614,0.14,6.73,7.22,0.03,-,-0.03,-0.01,0.04,-,13.92,0,0,123.8,1000,0,98.43,1338.92,326.06,33.03,-116.86,75.2,0
09-Jun-2018 08:15:14.615,1.47,7.39,7,-0,-,0.11,0.05,0.02,-,13.92,0,0,123.8,1000,0,98.43,1339.95,326.9,33.03,-116.86,75.2,0
09-Jun-2018 08:15:15.614,1.73,6.68,6.71,-0,-,0.13,-0.02,-0.01,-,13.92,0,0,123.8,1000,0,98.43,1339.01,325.69,33.03,-116.86,75.2,0
09-Jun-2018 08:15:16.614,0.59,6.98,7.21,0.04,-,0.02,0.01,0.04,-,13.92,0,0,123.8,1000,0,98.43,1337.6,326.4,33.03,-116.86,75.2,0
09-Jun-2018 08:15:17.616,1.06,6.77,8.17,0.03,-,0.1,0.08,0.03,-,13.92,0,1,123.8,1000,0,98.43,1335.98,326.25,33.03,-116.86,75.2,0
09-Jun-2018 08:15:18.615,0.82,6.52,6.97,-0.01,-,0.04,-0.04,0.02,-,13.92,0,1,123.8,1000,0,98.43,1333.29,326.03,33.03,-116.86,75.2,0
09-Jun-2018 08:15:19.621,1.19,6.61,6.6,-0.03,-,0.02,-0.02,0,-,13.92,0,1,123.8,1000,0,98.43,1330.42,327.9,33.03,-116.86,75.2,0
09-Jun-2018 08:15:20.615,1.09,6.87,7.44,0,-,0,-0.03,0.03,-,13.92,0,0,123.8,1000,0,98.43,1325.87,326.41,33.03,-116.86,75.2,0
09-Jun-2018 08:15:21.614,1.05,6.19,6.94,-0.03,-,0.04,0.04,0.11,-,13.92,0,1,123.8,1000,0,98.43,1323.13,326.39,33.03,-116.86,75.2,0
09-Jun-2018 08:15:22.614,1.4,6.91,8.23,0.12,-,0.05,-0.05,-0.08,-,13.92,0,1,123.8,1000,0,98.43,1322.86,327.22,33.03,-116.86,75.2,0
09-Jun-2018 08:15:23.614,0.73,6.43,6.79,-0.03,-,0.02,-0.03,0.03,-,13.92,0,1,123.8,1000,0,98.43,1322.98,327.33,33.03,-116.86,75.2,0
09-Jun-2018 08:15:24.617,1.09,6.86,7.31,0.04,-,0.07,-0,0.05,-,13.92,0,1,123.8,1000,0,98.43,1323.4,326.75,33.03,-116.86,75.2,0
09-Jun-2018 08:15:25.617,0.99,6.02,7.19,-0.03,-,0.06,-0.03,-0.01,-,13.92,0,1,123.8,1000,0,98.43,1324.44,326.09,33.03,-116.86,75.2,0
09-Jun-2018 08:15:26.613,1.37,6.75,7.61,0.1,-,0.07,0.36,0.27,-,13.92,0,1,123.8,1000,0,98.43,1324.87,326.95,33.03,-116.86,75.2,0
09-Jun-2018 08:15:27.615,0.57,6.52,6.27,-0.06,-,0.03,-0.04,0.05,-,13.92,0,1,123.8,1000,0,98.43,1327.14,325.7,33.03,-116.86,75.2,0
09-Jun-2018 08:15:28.618,0.65,6.7,7.78,-0,-,0.02,-0.02,0.1,-,13.92,0,1,123.8,1000,0,98.43,1328.85,326.32,33.03,-116.86,75.2,0
09-Jun-2018 08:15:29.620,0.94,5.7,7,-0.06,-,0.05,-0.12,0.02,-,13.92,1,1,123.8,1000,0,98.43,1330.91,326.16,33.03,-116.86,75.2,0
09-Jun-2018 08:15:30.616,1.08,5.67,6.95,-0.03,-,0.07,-0.12,0.01,-,13.92,1,1,123.8,1000,0,98.43,1331.86,326.29,33.03,-116.86,75.2,0
09-Jun-2018 08:15:31.613,0.36,5.13,7.1,-0.02,-,-0,-0.18,0.03,-,13.92,1,1,123.8,1000,0,98.43,1331.93,326.61,33.03,-116.86,75.2,0
09-Jun-2018 08:15:32.614,0.66,6.03,7.63,0.01,-,0.03,-0.15,0.09,-,13.92,1,1,123.8,1000,0,98.43,1331.12,323.38,33.03,-116.86,75.2,0
09-Jun-2018 08:15:33.615,1.02,5.83,8.04,-0.01,-,0.06,-0.17,0.11,-,13.92,1,1,123.8,1000,0,98.43,1331.44,324.14,33.03,-116.86,75.2,0
09-Jun-2018 08:15:34.614,1.15,6.05,7.33,-0.01,-,0.06,-0.11,0.1,-,13.92,1,1,123.8,1000,0,98.43,1332.14,326.42,33.03,-116.86,75.2,0
09-Jun-2018 08:15:35.615,1.44,5.95,7.69,-0.01,-,0.08,-0.12,0.1,-,13.92,1,1,123.8,1000,0,98.43,1333,326.81,33.03,-116.87,75.2,0
09-Jun-2018 08:15:36.614,0.37,6,7.77,0.01,-,-0,-0.09,0.1,-,13.92,1,1,123.8,1000,0,98.43,1334.25,328.54,33.03,-116.87,75.2,0
09-Jun-2018 08:15:37.614,1.49,5.19,7.36,-0.01,-,0.11,-0.17,0.06,-,13.92,1,1,123.8,1000,0,98.43,1332.23,324.21,33.03,-116.87,75.2,0
09-Jun-2018 08:15:38.615,0.95,5.69,7.99,0,-,0.05,-0.12,0.12,-,13.92,1,1,123.8,1000,0,98.43,1331.93,327.07,33.03,-116.87,75.2,0
09-Jun-2018 08:15:39.615,1.23,5.07,8.27,0.01,-,0.08,-0.18,0.15,-,13.92,1,1,123.8,1000,0,98.43,1331.43,322.05,33.03,-116.87,75.2,0
09-Jun-2018 08:15:40.616,0.68,6.69,6.86,-0,-,0.03,-0.02,0,-,13.92,1,1,123.8,1000,0,98.43,1330.81,195.42,33.03,-116.87,75.2,0
09-Jun-2018 08:15:41.613,0.9,6.62,6.65,-0.03,-,0.04,-0.02,0.03,-,13.92,1,1,123.8,1000,0,98.43,1330.43,195.42,33.03,-116.87,75.2,0
09-Jun-2018 08:15:42.613,0.87,6.65,6.86,-0.01,-,0.04,-0.02,0.04,-,13.92,1,1,123.8,1000,0,98.43,1330.43,195.42,33.03,-116.87,75.2,0
09-Jun-2018 08:15:43.614,0.67,6.68,6.91,-0,-,0.04,-0.02,-0.04,-,13.92,1,1,123.8,1000,0,98.43,1330.43,195.42,33.03,-116.87,75.2,0
09-Jun-2018 08:15:44.613,0.91,6.65,6.93,-0,-,0.02,-0.02,0.03,-,13.92,1,1,123.8,1000,0,98.43,1330.43,195.42,33.03,-116.87,75.2,0
09-Jun-2018 08:15:45.614,0.77,6.69,7.16,-0,-,0.03,-0.02,-0.02,-,13.92,1,1,123.8,1000,0,98.43,1330.43,195.42,33.03,-116.87,75.2,0
09-Jun-2018 08:15:46.614,0.72,6.68,7.03,0,-,0.02,-0.02,-0.01,-,13.92,1,1,123.8,1000,0,98.43,1330.43,195.42,33.03,-116.87,75.2,0
09-Jun-2018 08:15:47.614,0.89,6.61,6.76,-0.01,-,0.03,-0.02,0.02,-,13.92,1,1,123.8,1000,0,98.43,1330.43,195.42,33.03,-116.87,75.2,0
09-Jun-2018 08:15:48.614,0.8,6.63,6.86,-0.01,-,0.05,-0.03,-0,-,13.92,1,1,123.8,1000,0,98.43,1330.43,195.42,33.03,-116.87,75.2,0
09-Jun-2018 08:15:49.615,0.67,6.73,6.76,-0,-,0.04,-0.02,0.02,-,13.92,1,1,123.8,1000,0,98.43,1330.43,195.42,33.03,-116.87,75.2,0
09-Jun-2018 08:15:50.613,0.5,6.92,6.55,-0.01,-,0.01,0.01,-0.03,-,13.92,0,1,123.8,1000,0,98.43,1330.43,195.42,33.03,-116.87,75.2,0
09-Jun-2018 08:15:51.615,0.82,7.03,6.23,-0.01,-,0.04,0.02,-0.06,-,13.92,0,1,123.8,1000,0,98.43,1330.43,195.42,33.03,-116.87,75.2,0
09-Jun-2018 08:15:52.615,0.16,7.61,6.16,0.01,-,-0.03,0.08,-0.07,-,13.92,0,1,123.8,1000,0,98.43,1331.23,330.39,33.03,-116.87,75.2,0
09-Jun-2018 08:15:53.613,0.67,8.64,5.1,0.02,-,0.03,0.18,-0.17,-,13.92,0,0,123.8,1000,0,98.43,1331.32,329.08,33.03,-116.87,75.2,0
09-Jun-2018 08:15:54.616,1.65,8.05,4.83,-0.01,-,0.13,0.12,-0.2,-,13.92,0,0,123.8,1000,0,98.43,1330.62,325.76,33.03,-116.87,75.2,0
09-Jun-2018 08:15:55.617,0.16,7.87,6.25,0,-,-0.03,0.1,-0.06,-,13.92,0,0,123.8,1000,0,98.43,1331.14,329.12,33.03,-116.87,75.2,0
09-Jun-2018 08:15:56.614,0.82,7.13,5.28,-0.08,-,0.05,0.11,-0.02,-,13.92,0,0,123.8,1000,0,98.43,1330.82,327.07,33.03,-116.87,75.2,0
09-Jun-2018 08:15:57.614,-0.43,7.57,6.77,0,-,-0.13,0.13,-0.1,-,13.92,0,0,123.8,1000,0,98.43,1329.31,327.68,33.03,-116.87,75.2,0
09-Jun-2018 08:15:58.614,0.89,6.44,5.47,-0.12,-,-0.15,-0.03,-0.13,-,13.92,0,0,123.8,1000,0,98.43,1328.64,327.48,33.03,-116.87,75.2,0
09-Jun-2018 08:15:59.614,-0.13,8.64,6.53,0.12,-,-0.05,0.03,-0.11,-,13.92,0,0,123.8,1000,0,98.43,1327.98,326.67,33.04,-116.87,75.2,0
09-Jun-2018 08:16:00.614,-0.47,6.17,5.41,-0.06,-,-0.03,0.07,-0.23,-,13.92,0,0,123.8,1000,0,98.43,1327.49,327.86,33.04,-116.87,75.2,0
09-Jun-2018 08:16:01.614,1.02,7.87,6.55,0.06,-,0.15,0.14,0.23,-,13.92,0,0,123.8,1000,0,98.43,1327.38,327.51,33.04,-116.87,75.2,0
09-Jun-2018 08:16:02.615,0.85,6.7,5.11,-0.03,-,0,-0.05,-0.05,-,13.92,0,0,123.8,1000,0,98.43,1327.2,326.65,33.04,-116.87,75.2,0
09-Jun-2018 08:16:03.615,0.7,5.85,5.04,-0.2,-,0.04,0.01,-0.1,-,13.92,0,0,123.8,1000,0,98.43,1325.74,326.14,33.04,-116.87,75.2,0
09-Jun-2018 08:16:04.613,1.62,5.94,6.02,-0.06,-,0.06,0.11,0.05,-,13.92,0,0,123.8,1000,0,98.43,1325.88,326.55,33.04,-116.87,75.2,0
09-Jun-2018 08:16:05.615,0.27,7.32,7.93,0.11,-,-0.07,-0.06,-0.12,-,13.92,0,0,123.8,1000,0,98.43,1325.96,326.64,33.04,-116.87,75.2,0
09-Jun-2018 08:16:06.617,0.8,6.3,7,-0.02,-,0.05,-0.09,-0.04,-,13.92,0,1,123.8,1000,0,98.43,1326.18,326.78,33.04,-116.87,75.2,0
09-Jun-2018 08:16:07.614,0.66,6.16,6.68,-0.06,-,0.03,-0.07,-0.01,-,13.92,0,1,123.8,1000,0,98.43,1326.5,326.95,33.04,-116.87,75.2,0
09-Jun-2018 08:16:08.613,-0.61,7.48,9.11,0.04,-,-0.1,0.06,0.23,-,13.92,0,1,123.8,1000,0,98.43,1326.97,327.63,33.04,-116.87,75.2,0
09-Jun-2018 08:16:09.613,0.32,7.81,6.76,0.07,-,-0.01,0.1,-0,-,13.92,0,1,123.8,1000,0,98.43,1327.85,327.59,33.04,-116.87,75.2,0
09-Jun-2018 08:16:10.613,0.99,6.69,7.52,-0.05,-,0.11,-0.13,-0.07,-,13.92,1,1,123.8,1000,0,98.43,1328.33,326.69,33.04,-116.87,75.2,0
09-Jun-2018 08:16:11.613,-0.11,5.75,7.35,-0.04,-,-0,-0.07,0.11,-,13.92,1,1,123.8,1000,0,98.43,1328.68,326.68,33.04,-116.87,75.2,0
09-Jun-2018 08:16:12.613,0.82,5.54,9.84,0.03,-,0,-0.24,0.18,-,13.92,1,1,123.8,1000,0,98.43,1329.48,327.13,33.04,-116.87,75.2,0
09-Jun-2018 08:16:13.613,-0.2,5.79,8.21,0.04,-,0.09,-0.16,0.03,-,13.92,1,1,123.8,1000,0,98.43,1331.48,327.26,33.04,-116.87,75.2,0
09-Jun-2018 08:16:14.614,0.1,5.65,8.06,0.02,-,-0.05,-0.07,0.07,-,13.92,1,1,123.8,1000,0,98.43,1332.99,326.55,33.04,-116.87,75.2,0
09-Jun-2018 08:16:15.613,1.83,4.67,7.69,-0.05,-,0.14,-0.2,0.13,-,13.92,1,1,123.8,1000,0,98.43,1334.12,328.79,33.04,-116.87,75.2,0
09-Jun-2018 08:16:16.613,1.12,5.73,7.73,0.01,-,0.02,-0.12,0.14,-,13.92,1,1,123.8,1000,0,98.43,1334.84,325.51,33.04,-116.87,75.2,0
09-Jun-2018 08:16:17.614,0.82,6.99,6.64,-0,-,0.04,0,0.01,-,13.92,0,1,123.8,1000,0,98.43,1335.57,338.65,33.04,-116.87,75.2,0
09-Jun-2018 08:16:18.613,0.29,8.18,5.81,0.01,-,-0.02,0.12,-0.09,-,13.92,0,0,123.8,1000,0,98.43,1336.57,21.88,33.04,-116.87,75.2,0
09-Jun-2018 08:16:19.616,0.63,8.34,5.5,0,-,-0.01,0.09,-0.17,-,13.92,0,0,123.8,1000,0,98.43,1335.16,331.13,33.04,-116.87,75.2,0
09-Jun-2018 08:16:20.615,0.95,8.27,5.32,0.02,-,0.05,0.14,-0.15,-,13.92,0,0,123.8,1000,0,98.43,1334.71,326.74,33.04,-116.87,75.2,0
09-Jun-2018 08:16:21.616,0.42,7.43,6.11,-0,-,0,0.06,-0.07,-,13.92,0,0,123.8,1000,0,98.43,1334.37,326.71,33.04,-116.87,75.2,0
09-Jun-2018 08:16:22.615,0.48,8.55,7.7,0.03,-,0.01,0.17,0.09,-,13.92,0,0,123.8,1000,0,98.43,1333.04,326.63,33.04,-116.87,75.2,0
09-Jun-2018 08:16:23.613,1.05,9,7.34,0.2,-,0.07,0.22,0.05,-,13.92,0,0,123.8,1000,0,98.43,1333.18,327.19,33.04,-116.87,75.2,0
09-Jun-2018 08:16:24.613,0.09,7.71,5.06,-0.02,-,0.05,0.15,0.1,-,13.92,0,0,123.8,1000,0,98.43,1332.08,327.28,33.04,-116.87,75.2,0
09-Jun-2018 08:16:25.614,-0.15,7.58,4.66,-0.08,-,-0.07,-0.08,-0.11,-,13.92,0,0,123.8,1000,0,98.43,1331.1,326.29,33.04,-116.87,75.2,0
09-Jun-2018 08:16:26.614,0.63,7.98,6.37,0.02,-,0.01,0.12,-0.09,-,13.92,0,0,123.8,1000,0,98.43,1330.2,326.3,33.04,-116.87,75.2,0
09-Jun-2018 08:16:27.615,-0.4,7.41,4.84,0.03,-,0.02,0.06,0.01,-,13.92,0,0,123.8,1000,0,98.43,1329.1,326.05,33.04,-116.87,75.2,0
09-Jun-2018 08:16:28.613,0.98,8.03,7.1,0.11,-,-0.04,0.02,0.05,-,13.92,0,0,123.8,1000,0,98.43,1329.49,326.2,33.04,-116.87,75.2,0
09-Jun-2018 08:16:29.614,1.02,7.3,6.01,0.03,-,0.03,0.2,0.13,-,13.92,0,0,123.8,1000,0,98.43,1329.81,326.2,33.04,-116.87,75.2,0
09-Jun-2018 08:16:30.619,0.51,7.45,6.57,0.03,-,0.01,0.06,-0.07,-,13.92,0,0,123.8,1000,0,98.43,1328.28,327.99,33.04,-116.87,75.2,0
09-Jun-2018 08:16:31.615,0.24,6.72,6.71,0.03,-,0,0.05,0.03,-,13.92,0,0,123.8,1000,0,98.43,1327.88,328.55,33.04,-116.87,75.2,0
09-Jun-2018 08:16:32.616,-0.7,11.01,10.3,0.09,-,-0.11,0.42,0.36,-,13.92,0,1,123.8,1000,0,98.43,1327.47,328.03,33.04,-116.87,75.2,0
09-Jun-2018 08:16:33.614,1.21,4.15,3.67,-0.41,-,-0.08,0.02,0.36,-,13.92,0,1,123.8,1000,0,98.43,1327.08,327.2,33.04,-116.87,75.2,0
09-Jun-2018 08:16:34.616,-0.79,6.78,7.22,0,-,-0.12,-0.01,0.04,-,13.92,0,1,123.8,1000,0,98.43,1326.82,327.23,33.04,-116.87,75.2,0
09-Jun-2018 08:16:35.614,-0.54,5.04,5.14,0.18,-,0.07,0.01,0.33,-,13.92,0,1,123.8,1000,0,98.43,1327.23,326.39,33.04,-116.87,75.2,0
09-Jun-2018 08:16:36.614,1.79,9.92,8.03,0.33,-,0.14,0.31,0.12,-,13.92,0,1,123.8,1000,0,98.43,1326.47,326.92,33.04,-116.87,75.2,0
09-Jun-2018 08:16:37.615,0.98,8.88,7.3,0.05,-,0.06,0.21,0.05,-,13.92,0,1,123.8,1000,0,98.43,1326.78,326.54,33.04,-116.87,75.2,0
09-Jun-2018 08:16:38.613,2.23,9.32,6.65,0.2,-,0.08,0.07,-0.11,-,13.92,0,1,123.8,1000,0,98.43,1328.23,326.52,33.04,-116.87,75.2,0
09-Jun-2018 08:16:39.614,-0.64,6.67,8.17,-0.08,-,0.08,-0.04,-0.25,-,13.92,0,0,123.8,1000,0,98.43,1328.74,326.94,33.04,-116.87,75.2,0
09-Jun-2018 08:16:40.614,1,5.23,8.34,0.02,-,0.19,0.03,0.18,-,13.92,0,1,123.8,1000,0,98.43,1330.36,327.69,33.04,-116.87,75.2,0
09-Jun-2018 08:16:41.617,-0.32,7.24,5.1,-0.08,-,0.01,-0,0.04,-,13.92,0,1,123.8,1000,0,98.43,1330.82,327.4,33.04,-116.87,75.2,0
09-Jun-2018 08:16:42.614,0.19,6.21,6.95,-0.13,-,0.15,0.03,-0.04,-,13.92,0,1,123.8,1000,0,98.43,1331.24,327.55,33.04,-116.87,75.2,0
09-Jun-2018 08:16:43.614,0.34,7.39,8.62,0.04,-,0.04,-0.02,0.03,-,13.92,0,1,123.8,1000,0,98.43,1331.98,326.81,33.04,-116.87,75.2,0
09-Jun-2018 08:16:44.614,0.79,6.37,8.32,-0,-,0.08,0.12,0.09,-,13.92,0,1,123.8,1000,0,98.43,1333.61,326.83,33.04,-116.87,75.2,0
09-Jun-2018 08:16:45.613,0.89,7.61,9.16,0.2,-,-0.04,0.07,0.21,-,13.92,0,1,123.8,1000,0,98.43,1334.74,327.28,33.04,-116.87,75.2,0
09-Jun-2018 08:16:46.616,-0.13,7.87,8.19,0.17,-,0.08,-0.19,0.01,-,13.92,0,1,123.8,1000,0,98.43,1336.21,328.08,33.04,-116.87,75.2,0
09-Jun-2018 08:16:47.613,1.57,6.19,6.56,-0.04,-,0.12,-0.07,-0.03,-,13.92,0,1,123.8,1000,0,98.43,1337.01,327.35,33.04,-116.87,75.2,0
09-Jun-2018 08:16:48.613,1.7,5.67,5.58,0.01,-,0.13,-0.12,-0.12,-,13.92,0,1,123.8,1000,0,98.43,1337.89,327.58,33.04,-116.87,75.2,0
09-Jun-2018 08:16:49.613,-0.39,6.04,3.1,-0.29,-,-0.08,-0.08,-0.38,-,13.92,0,1,123.8,1000,0,98.43,1337.84,327.27,33.04,-116.87,75.2,0
09-Jun-2018 08:16:50.616,0.98,5.56,5.04,-0.05,-,-0.01,-0.01,0.13,-,13.92,0,1,123.8,1000,0,98.43,1337.95,326.93,33.04,-116.87,75.2,0
09-Jun-2018 08:16:51.613,2.02,5.31,8.34,0.04,-,0.14,-0.14,0.11,-,13.92,1,1,123.8,1000,0,98.43,1338.32,327.69,33.04,-116.87,75.2,0
09-Jun-2018 08:16:52.613,1.38,5.77,7.36,0.02,-,0.02,-0.11,0.22,-,13.92,1,1,123.8,1000,0,98.43,1339.02,327.59,33.04,-116.87,75.2,0
09-Jun-2018 08:16:53.615,0.6,4.66,8.83,0.03,-,0.04,-0.17,0.16,-,13.92,1,1,123.8,1000,0,98.43,1339.45,327.76,33.04,-116.87,75.2,0
09-Jun-2018 08:16:54.616,0.75,4.65,8.28,-0.01,-,0.08,-0.18,0.2,-,13.92,1,1,123.8,1000,0,98.43,1339.32,325.67,33.04,-116.87,75.2,0
09-Jun-2018 08:16:55.617,0.95,5.67,7.91,0.01,-,0.06,-0.16,0.1,-,13.92,1,1,123.8,1000,0,98.43,1339.54,330.04,33.04,-116.87,75.2,0
09-Jun-2018 08:16:56.618,0.54,6.9,6.27,-0.01,-,0.01,0.02,-0.02,-,13.92,1,1,123.8,1000,0,98.43,1340.1,331.59,33.04,-116.87,75.2,0
09-Jun-2018 08:16:57.616,0.14,8.01,5.98,0.03,-,-0.02,0.12,-0.1,-,13.92,0,0,123.8,1000,0,98.43,1339.46,200.83,33.04,-116.87,75.2,0
09-Jun-2018 08:16:58.614,0.61,7.98,4.41,-0.01,-,0.02,0.11,-0.24,-,13.92,0,0,123.8,1000,0,98.43,1339.01,327.44,33.04,-116.87,75.2,0
09-Jun-2018 08:16:59.613,0.19,7.55,5.68,-0.02,-,-0.02,0.07,-0.12,-,13.92,0,0,123.8,1000,0,98.43,1339.81,330.63,33.04,-116.87,75.2,0
09-Jun-2018 08:17:00.613,0.41,8.64,6.71,0.01,-,0,0.18,-0.01,-,13.92,0,0,123.8,1000,0,98.43,1338.17,326.86,33.04,-116.87,75.2,0
09-Jun-2018 08:17:01.614,-0.08,8.03,5.51,0.01,-,-0.05,0.12,-0.13,-,13.92,0,0,123.8,1000,0,98.43,1337.87,325.31,33.04,-116.87,75.2,0
09-Jun-2018 08:17:02.616,0.81,6.52,5.57,-0,-,0.04,-0.04,-0.13,-,13.92,0,0,123.8,1000,0,98.43,1337.72,327.97,33.04,-116.87,75.2,0
09-Jun-2018 08:17:03.614,1.15,6.59,7.05,0,-,0.08,-0.03,0.02,-,13.92,0,0,123.8,1000,0,98.43,1337.91,328.37,33.04,-116.87,75.2,0
09-Jun-2018 08:17:04.614,0.3,6.64,6.07,-0.13,-,-0.01,-0.02,-0.08,-,13.92,0,0,123.8,1000,0,98.43,1338.47,327.91,33.04,-116.87,75.2,0
09-Jun-2018 08:17:05.618,1.25,7.56,8.4,0.17,-,0.05,-0.16,-0.06,-,13.92,0,1,123.8,1000,0,98.43,1338.92,324.95,33.04,-116.87,75.2,0
09-Jun-2018 08:17:06.614,0.71,5.84,6.37,-0.03,-,0.02,0.01,-0.39,-,13.92,0,1,123.8,1000,0,98.43,1339.39,326.7,33.04,-116.87,75.2,0
09-Jun-2018 08:17:07.615,0.68,6.57,8.73,0.03,-,-0.16,0.08,0.02,-,13.92,0,1,123.8,1000,0,98.43,1339.59,325.1,33.04,-116.87,75.2,0
09-Jun-2018 08:17:08.615,0.74,7.69,7.55,0.11,-,-0.02,0,0.02,-,13.92,0,1,123.8,1000,0,98.43,1339.02,326.71,33.04,-116.87,75.2,0
09-Jun-2018 08:17:09.616,1.44,5.57,5.91,0,-,0.13,0.05,-0.09,-,13.92,0,1,123.8,1000,0,98.43,1338.28,326.47,33.04,-116.87,75.2,0
09-Jun-2018 08:17:10.615,1.17,6.09,7.46,-0.02,-,0.02,-0.13,-0.03,-,13.92,1,1,123.8,1000,0,98.43,1338.31,325.11,33.04,-116.87,75.2,0
09-Jun-2018 08:17:11.613,0.99,5.68,7.13,0,-,0.06,-0.12,0.03,-,13.92,1,1,123.8,1000,0,98.43,1339.65,326.82,33.04,-116.87,75.2,0
09-Jun-2018 08:17:12.614,0.57,6.1,7.7,0.02,-,0.02,-0.08,0.09,-,13.92,1,1,123.8,1000,0,98.43,1341.5,326.66,33.04,-116.87,75.2,0
09-Jun-2018 08:17:13.613,0.32,6.38,7.55,-0,-,-0.01,-0.05,0.08,-,13.92,1,1,123.8,1000,0,98.43,1341.88,324.64,33.04,-116.87,75.2,0
09-Jun-2018 08:17:14.617,0.88,6.1,7.65,0.01,-,0.03,-0.06,0.05,-,13.92,1,1,123.8,1000,0,98.43,1341.26,326.92,33.04,-116.87,75.2,0
09-Jun-2018 08:17:15.613,0.39,6.91,6.57,-0,-,0.01,-0.01,-0,-,13.92,1,1,123.8,1000,0,98.43,1341.64,326.86,33.04,-116.87,75.2,0
09-Jun-2018 08:17:16.613,0.56,6.45,6.67,-0.04,-,0.01,-0,0.03,-,13.92,1,1,123.8,1000,0,98.43,1342.34,330.28,33.04,-116.87,75.2,0
09-Jun-2018 08:17:17.615,1.03,6.09,8.05,0.05,-,0.04,-0.08,0.11,-,13.92,1,1,123.8,1000,0,98.43,1342.71,334.67,33.04,-116.87,75.2,0
09-Jun-2018 08:17:18.616,0.73,6.67,6.9,-0,-,0.06,-0.02,0.01,-,13.92,1,1,123.8,1000,0,98.43,1344.13,332.05,33.04,-116.87,75.2,0
09-Jun-2018 08:17:19.616,0.73,6.59,6.79,-0.02,-,0.03,-0.03,-0,-,13.92,1,1,123.8,1000,0,98.43,1344.11,350.48,33.04,-116.87,75.2,0
09-Jun-2018 08:17:20.613,0.68,6.58,7.24,-0,-,0.03,-0.03,0.04,-,13.92,1,1,123.8,1000,0,98.43,1344.61,350.48,33.04,-116.87,75.2,0
09-Jun-2018 08:17:21.614,0.79,6.58,7.17,0.01,-,0.04,-0.03,0.04,-,13.92,1,1,123.8,1000,0,98.43,1344.61,350.48,33.04,-116.87,75.2,0
09-Jun-2018 08:17:22.616,0.83,6.58,6.8,-0.01,-,0.02,-0.03,0.03,-,13.92,1,1,123.8,1000,0,98.43,1344.61,350.48,33.04,-116.87,75.2,0
09-Jun-2018 08:17:23.614,0.65,6.56,7.05,-0,-,0.03,-0.03,0.01,-,13.92,1,1,123.8,1000,0,98.43,1344.61,350.48,33.04,-116.87,75.2,0
09-Jun-2018 08:17:24.615,0.82,6.53,7.13,-0,-,0.03,-0.03,-0.01,-,13.92,1,1,123.8,1000,0,98.43,1344.61,350.48,33.04,-116.87,75.2,0
09-Jun-2018 08:17:25.613,0.64,6.57,7.29,0.02,-,0.02,-0.02,-0.01,-,13.92,1,1,123.8,1000,0,98.43,1344.61,350.48,33.04,-116.87,75.2,0
09-Jun-2018 08:17:26.613,0.75,6.62,7.2,-0,-,0.03,-0.02,-0.01,-,13.92,1,1,123.8,1000,0,98.43,1344.61,350.48,33.04,-116.87,75.2,0
09-Jun-2018 08:17:27.616,0.87,6.64,7.13,0.01,-,0.03,-0.03,-0.02,-,13.92,1,1,123.8,1000,0,98.43,1344.61,350.48,33.04,-116.87,75.2,0
09-Jun-2018 08:17:28.614,0.77,6.62,6.83,-0,-,0.01,-0.04,0.05,-,13.92,1,1,123.8,1000,0,98.43,1344.61,350.48,33.04,-116.87,75.2,0
09-Jun-2018 08:17:29.613,0.28,6.93,6.62,0,-,0.03,0.03,-0.01,-,13.92,1,1,123.8,1000,0,98.43,1344.61,350.48,33.04,-116.87,75.2,0
09-Jun-2018 08:17:30.614,0.69,7.17,6.54,-0.02,-,0.01,-0,-0.03,-,13.92,0,1,123.8,1000,0,98.43,1344.61,350.48,33.04,-116.87,75.2,0
09-Jun-2018 08:17:31.614,0.38,7.9,5.88,-0,-,0.01,0.05,-0.08,-,13.92,0,1,123.8,1000,0,98.43,1346.74,315.67,33.04,-116.87,75.2,0
09-Jun-2018 08:17:32.615,0.21,6.96,6.39,-0.02,-,-0.03,0.04,-0.09,-,13.92,0,1,123.8,1000,0,98.43,1347.33,323.36,33.04,-116.87,75.2,0
09-Jun-2018 08:17:33.616,-0.21,7.34,6.08,0,-,-0.04,0.08,-0.09,-,13.92,0,0,123.8,1000,0,98.43,1348.31,325,33.04,-116.87,75.2,0
09-Jun-2018 08:17:34.614,-0.94,7.7,5.76,-0,-,-0.14,0.08,-0.11,-,13.92,0,0,123.8,1000,0,98.43,1347.61,319.94,33.04,-116.87,75.2,0
09-Jun-2018 08:17:35.613,-1.64,8.51,6.2,-0.02,-,-0.21,0.17,-0.06,-,13.92,0,0,123.8,1000,0,98.43,1346.1,303.61,33.04,-116.87,75.2,0
09-Jun-2018 08:17:36.613,-1.8,7.34,6.04,-0.05,-,-0.17,0.08,-0.18,-,13.92,0,0,123.8,1000,0,98.43,1344.76,285.67,33.04,-116.87,75.2,0
09-Jun-2018 08:17:37.614,-2.64,7.58,7.18,0.11,-,-0.29,0.06,-0.09,-,13.92,0,0,123.8,1000,0,98.43,1344.91,267.61,33.04,-116.87,75.2,0
09-Jun-2018 08:17:38.615,-0.64,7.84,6.52,0.02,-,-0.09,0.16,-0.08,-,13.92,0,0,123.8,1000,0,98.43,1345.44,248.07,33.04,-116.87,75.2,0
09-Jun-2018 08:17:39.613,0.03,7.87,6.3,0.04,-,-0.03,0.13,-0.1,-,13.92,0,0,123.8,1000,0,98.43,1347.07,234.33,33.04,-116.87,75.2,0
09-Jun-2018 08:17:40.613,-0.32,8.49,7.03,0.14,-,-0.07,0.13,-0.05,-,13.92,0,0,123.8,1000,0,98.43,1347.45,236.02,33.04,-116.87,75.2,0
09-Jun-2018 08:17:41.614,-0.09,7.37,5.38,-0.06,-,-0,0.05,-0.04,-,13.92,0,0,123.8,1000,0,98.43,1347.55,234.94,33.04,-116.87,75.2,0
09-Jun-2018 08:17:42.613,1,7.26,6.28,-0.01,-,0.02,0.07,-0.07,-,13.92,0,0,123.8,1000,0,98.43,1345.49,228.81,33.04,-116.87,75.2,0
09-Jun-2018 08:17:43.614,0.84,6.81,5.48,-0.05,-,0.04,-0.01,-0.14,-,13.92,0,0,123.8,1000,0,98.43,1342.93,226.62,33.04,-116.87,75.2,0
09-Jun-2018 08:17:44.613,-0.06,7.27,6.68,0.02,-,-0.05,0.04,-0.01,-,13.92,0,0,123.8,1000,0,98.43,1339.75,233.23,33.04,-116.87,75.2,0
09-Jun-2018 08:17:45.613,-0.07,7.29,6.45,0.03,-,-0.05,0.04,-0.04,-,13.92,0,0,123.8,1000,0,98.43,1338.04,237.07,33.04,-116.87,75.2,0
09-Jun-2018 08:17:46.613,0.92,6.96,6.56,-0.02,-,0.05,0.01,-0.03,-,13.92,0,0,123.8,1000,0,98.43,1338.43,236.76,33.04,-116.87,75.2,0
09-Jun-2018 08:17:47.615,0.43,6.74,6.14,-0.06,-,0,-0.01,-0.07,-,13.92,0,0,123.8,1000,0,98.43,1340.55,237.72,33.04,-116.87,75.2,0
09-Jun-2018 08:17:48.619,0.4,5.67,4.9,-0.22,-,0.09,-0.15,-0.05,-,13.92,0,1,123.8,1000,0,98.43,1341.29,237.03,33.04,-116.87,75.2,0
09-Jun-2018 08:17:49.615,0.4,7.68,7.69,0.12,-,-0.05,0.02,0.04,-,13.92,0,1,123.8,1000,0,98.43,1341.6,237.04,33.04,-116.87,75.2,0
09-Jun-2018 08:17:50.615,1.13,6.37,7,0.04,-,0.09,-0.04,0.1,-,13.92,0,1,123.8,1000,0,98.43,1342.04,236.14,33.04,-116.87,75.2,0
09-Jun-2018 08:17:51.614,1.52,6.5,6.6,-0.03,-,0.03,-0.01,0.02,-,13.92,0,1,123.8,1000,0,98.43,1341.28,236.52,33.04,-116.87,75.2,0
09-Jun-2018 08:17:52.614,0.44,6.96,6.68,0.01,-,0.03,-0,0.08,-,13.92,0,1,123.8,1000,0,98.43,1341.41,236.66,33.04,-116.87,75.2,0
09-Jun-2018 08:17:53.616,0.86,6.1,7.08,-0.03,-,-0.03,-0.04,0.06,-,13.92,0,1,123.8,1000,0,98.43,1341.68,237.25,33.04,-116.87,75.2,0
09-Jun-2018 08:17:54.615,-0.49,6.03,6.95,-0.01,-,-0.09,-0.08,0.01,-,13.92,0,1,123.8,1000,0,98.43,1342.18,237.84,33.04,-116.87,75.2,0
09-Jun-2018 08:17:55.613,0.13,6.09,7.33,-0.02,-,-0.03,-0.08,0.05,-,13.92,0,1,123.8,1000,0,98.43,1342.31,237.24,33.04,-116.87,75.2,0
09-Jun-2018 08:17:56.616,0.16,6.14,6.77,0.06,-,-0.03,-0.07,-0,-,13.92,0,1,123.8,1000,0,98.43,1341.98,237.22,33.04,-116.87,75.2,0
09-Jun-2018 08:17:57.614,0.46,6.07,7.81,0.02,-,0,-0.08,0.1,-,13.92,0,1,123.8,1000,0,98.43,1342.48,237.33,33.04,-116.87,75.2,0
09-Jun-2018 08:17:58.613,0.11,6.76,7.32,0.02,-,-0,0,0.05,-,13.92,0,1,123.8,1000,0,98.43,1343.75,236.85,33.04,-116.87,75.2,0
09-Jun-2018 08:17:59.614,0.54,6.95,7.06,0.02,-,-0.07,-0.04,0.07,-,13.92,0,1,123.8,1000,0,98.43,1344.81,236.5,33.04,-116.87,75.2,0
09-Jun-2018 08:18:00.613,0.71,5.37,6.86,-0.01,-,0.01,-0.04,0.07,-,13.92,1,1,123.8,1000,0,98.43,1345.36,236.6,33.04,-116.87,75.2,0
09-Jun-2018 08:18:01.614,0.04,5.41,7.58,-0.04,-,-0.03,-0.16,0.19,-,13.92,1,1,123.8,1000,0,98.43,1345.95,237.07,33.04,-116.87,75.2,0
09-Jun-2018 08:18:02.616,0.26,5.6,8.25,0.02,-,0.03,-0.19,0.08,-,13.92,1,1,123.8,1000,0,98.43,1346.77,236.61,33.04,-116.87,75.2,0
09-Jun-2018 08:18:03.614,0.53,5.81,8.16,0.04,-,0.01,-0.09,0.16,-,13.92,1,1,123.8,1000,0,98.43,1347.04,237.08,33.04,-116.87,75.2,0
09-Jun-2018 08:18:04.616,0.66,5.53,7.93,0.01,-,0,-0.09,0.15,-,13.92,1,1,123.8,1000,0,98.43,1346.87,234.8,33.04,-116.87,75.2,0
09-Jun-2018 08:18:05.614,2.5,4.93,8.36,0.04,-,0.21,-0.2,0.16,-,13.92,1,1,123.8,1000,0,98.43,1347.37,235.17,33.04,-116.87,75.2,0
09-Jun-2018 08:18:06.613,2.47,5.77,6.65,-0.05,-,0.21,-0.11,-0.02,-,13.92,1,1,123.8,1000,0,98.43,1348.54,242.47,33.04,-116.87,75.2,0
09-Jun-2018 08:18:07.613,2.05,6.31,6.46,0.03,-,0.17,-0.06,-0.04,-,13.92,1,1,123.8,1000,0,98.43,1349.71,277.07,33.04,-116.87,75.2,0
09-Jun-2018 08:18:08.614,1.23,6.87,6.2,-0.04,-,0.05,-0.02,-0.05,-,13.92,0,1,123.8,1000,0,98.43,1351.03,303.93,33.04,-116.87,75.2,0
09-Jun-2018 08:18:09.614,0.57,5.93,6.88,-0.02,-,-0.02,-0.07,0.06,-,13.92,1,1,123.8,1000,0,98.43,1350.75,315.77,33.04,-116.87,75.2,0
09-Jun-2018 08:18:10.614,0.82,6.44,7.12,-0.01,-,0.04,-0.05,0.03,-,13.92,1,1,123.8,1000,0,98.43,1350.08,334.48,33.04,-116.87,75.2,0
09-Jun-2018 08:18:11.613,0.84,6.43,6.4,-0.02,-,0.05,-0.05,-0.04,-,13.92,1,1,123.8,1000,0,98.43,1348.26,328.67,33.04,-116.87,75.2,0
09-Jun-2018 08:18:12.613,0.85,6.56,7.67,0.01,-,0.05,-0.06,0.04,-,13.92,1,1,123.8,1000,0,98.43,1347,331.55,33.04,-116.87,75.2,0
09-Jun-2018 08:18:13.614,0.22,6.7,7.5,0.04,-,0.08,-0.05,0,-,13.92,1,1,123.8,1000,0,98.43,1346.59,327.93,33.04,-116.87,75.2,0
09-Jun-2018 08:18:14.613,0.87,6.66,6.64,-0.02,-,0.05,-0.02,-0.02,-,13.92,1,1,123.8,1000,0,98.43,1346.51,331.12,33.04,-116.87,75.2,0
09-Jun-2018 08:18:15.612,1.07,7.04,6.46,-0.01,-,0.07,0.02,-0.04,-,13.92,0,1,123.8,1000,0,98.43,1347.08,331.7,33.04,-116.87,75.2,0
09-Jun-2018 08:18:16.613,1.24,6.88,6.41,-0.02,-,0.08,0,-0.04,-,13.92,0,1,123.8,1000,0,98.43,1346.79,337.46,33.04,-116.87,75.2,0
09-Jun-2018 08:18:17.614,1.11,6.81,6.37,-0.03,-,0.07,0.01,-0.03,-,13.92,0,1,123.8,1000,0,98.43,1345.92,348.4,33.04,-116.87,75.2,0
09-Jun-2018 08:18:18.613,1.14,6.58,6.61,-0,-,0.1,-0.01,0,-,13.92,0,1,123.8,1000,0,98.43,1344.35,4.66,33.04,-116.87,75.2,0
09-Jun-2018 08:18:19.614,0.41,6.99,6.86,0.01,-,0.01,0,-0.01,-,13.92,0,1,123.8,1000,0,98.43,1342.02,24.1,33.04,-116.87,75.2,0
09-Jun-2018 08:18:20.614,0.1,6.58,7.13,-0.02,-,-0.09,0,0.01,-,13.92,0,1,123.8,1000,0,98.43,1341.3,30.52,33.04,-116.87,75.2,0
09-Jun-2018 08:18:21.612,-0.14,6.62,7.16,0.01,-,-0.09,-0.01,0.08,-,13.92,0,1,123.8,1000,0,98.43,1340.51,13.39,33.04,-116.87,75.2,0
09-Jun-2018 08:18:22.613,0.09,6.52,7.04,-0.01,-,-0.03,-0.04,0.02,-,13.92,0,1,123.8,1000,0,98.43,1339.28,357.45,33.04,-116.87,75.2,0
09-Jun-2018 08:18:23.614,1.06,5.93,7.67,0.01,-,0.07,-0.1,0.09,-,13.92,1,1,123.8,1000,0,98.43,1337.94,337.35,33.04,-116.87,75.2,0
09-Jun-2018 08:18:24.614,0.98,6.49,7.16,-0,-,0.06,-0.04,0.04,-,13.92,1,1,123.8,1000,0,98.43,1337.34,318.51,33.04,-116.87,75.2,0
09-Jun-2018 08:18:25.613,1.28,8.51,5.27,0.03,-,0.09,0.17,-0.16,-,13.92,1,1,123.8,1000,0,98.43,1336.9,302.55,33.04,-116.87,75.2,0
09-Jun-2018 08:18:26.613,0.57,7,6.41,-0.02,-,0.03,0.03,-0.05,-,13.92,1,1,123.8,1000,0,98.43,1337.01,302.55,33.04,-116.87,75.2,0
09-Jun-2018 08:18:27.613,0.59,7.02,6.38,-0.01,-,0.03,0.02,-0.03,-,13.92,1,1,123.8,1000,0,98.43,1337.01,302.55,33.04,-116.87,75.2,0
09-Jun-2018 08:18:28.613,-0.72,3.62,6.84,-0.19,-,0.19,-0.04,-0.05,-,13.92,1,1,123.8,1000,0,98.43,1337.01,302.55,33.04,-116.87,75.2,0
09-Jun-2018 08:18:29.613,-2.62,7.71,2.51,-0,-,-0.31,0.2,-0.35,-,13.92,1,1,123.8,1000,0,98.43,1337.01,302.55,33.04,-116.87,75.2,0
09-Jun-2018 08:18:30.613,-3.76,8.58,1.84,-0.01,-,-0.36,0.18,-0.5,-,13.92,1,1,123.8,1000,0,98.43,1337.01,302.55,33.04,-116.87,75.2,0
09-Jun-2018 08:18:31.613,-3.04,8.11,1.79,0.03,-,-0.35,0.13,-0.51,-,13.92,1,1,123.8,1000,0,98.43,1337.01,302.55,33.04,-116.87,75.2,0
09-Jun-2018 08:18:32.613,-2.15,6.9,3.75,-0.16,-,-0.26,0,-0.31,-,13.92,1,1,123.8,1000,0,98.43,1337.01,302.55,33.04,-116.87,75.2,0
09-Jun-2018 08:18:33.613,-0.38,7.18,6.19,-0.01,-,-0.08,0.03,-0.06,-,13.92,1,1,123.8,1000,0,98.43,1337.01,302.55,33.04,-116.87,75.2,0
09-Jun-2018 08:18:34.614,-0.4,7.35,6.28,-0,-,-0.08,0.05,-0.05,-,13.92,1,1,123.8,1000,0,98.43,1337.01,302.55,33.04,-116.87,75.2,0
09-Jun-2018 08:18:35.614,-0.37,7.35,6.22,-0,-,-0.08,0.05,-0.06,-,13.92,0,1,123.8,1000,0,98.43,1337.01,302.55,33.04,-116.87,75.2,0
09-Jun-2018 08:18:36.613,-0.37,7.29,6.17,-0.01,-,-0.08,0.04,-0.07,-,13.92,0,1,123.8,1000,0,98.43,1337.01,302.55,33.04,-116.87,75.2,0
09-Jun-2018 08:18:37.613,-0.35,7.33,6.22,-0.01,-,-0.08,0.05,-0.06,-,13.92,0,1,123.8,1000,0,98.43,1337.01,302.55,33.04,-116.87,75.2,0
09-Jun-2018 08:18:38.613,-0.4,7.33,6.22,-0.01,-,-0.08,0.04,-0.06,-,13.92,0,1,123.8,1000,0,98.43,1337.01,302.55,33.04,-116.87,75.2,0
09-Jun-2018 08:18:39.613,-0.53,7.35,6.23,-0,-,-0.09,0.05,-0.05,-,13.92,0,1,123.8,1000,0,98.43,1337.01,302.55,33.04,-116.87,75.2,0
09-Jun-2018 08:18:40.613,-0.46,7.36,6.24,-0,-,-0.07,0.05,-0.06,-,13.92,0,1,123.8,1000,0,98.43,1337.01,302.55,33.04,-116.87,75.2,0
09-Jun-2018 08:18:41.613,-0.31,7.26,6.21,-0,-,-0.08,0.05,-0.05,-,13.92,0,1,123.8,1000,0,98.43,1337.01,302.55,33.04,-116.87,75.2,0
09-Jun-2018 08:18:42.613,-0.57,7.25,6.18,-0.01,-,-0.07,0.06,-0.05,-,13.92,0,1,123.8,1000,0,98.43,1337.01,302.55,33.04,-116.87,75.2,0
09-Jun-2018 08:18:43.624,-0.43,7.33,6.25,-0,-,-0.08,0.05,-0.05,-,13.92,0,1,123.8,1000,0,98.43,1337.01,302.55,33.04,-116.87,75.2,0
09-Jun-2018 08:18:44.624,-0.37,7.28,6.21,-0.01,-,-0.08,0.05,-0.06,-,13.92,0,1,123.8,1000,0,98.43,1337.01,302.55,33.04,-116.87,75.2,0
